im11757251,スノボーなのかー(毎月７日シリーズ）,板を駆り　闇を纏いて　滑るなら,いつでもナイター　私の世界,和風海苔,外来,gairai,,-
im11757251,スノボーなのかー(毎月７日シリーズ）,ボード飛び　闇でくるくる　金なのかー？,,伊賀高原,外来,gairai,,-
im11757251,スノボーなのかー(毎月７日シリーズ）,ボード乗り　飛行能力　反則と,指摘に返す　そ～なのか～,残念,外来,gairai,,-
im11757251,スノボーなのかー(毎月７日シリーズ）,銀嶺の　そのかんばせを　すべらかせ,ぬばたまの夜を　乗せる紅筆,蛮菓,外来,gairai,,-
im11757251,スノボーなのかー(毎月７日シリーズ）,テレマークを決めるも照れマークは決めれず,,ことつく,外来,gairai,,-
im11757251,スノボーなのかー(毎月７日シリーズ）,テレマーク　バッチリ決めて　照れました,,ことつく,外来,gairai,,-
im11757251,スノボーなのかー(毎月７日シリーズ）,バランスを　とってるポーズが　そーなのかー,,茶芭,外来,gairai,,-
im11757251,スノボーなのかー(毎月７日シリーズ）,雪道で　逃げるごはんは　これで追う,,詠み人知らず,外来,gairai,,-
im11757251,スノボーなのかー(毎月７日シリーズ）,雪山に　映える宵闇　ゆきのなかー,,のこののこの,外来,gairai,,-
im11757251,スノボーなのかー(毎月７日シリーズ）,雪滑り　トリック決めて　そーなのかー,,和風海苔,外来,gairai,,-
im11757251,スノボーなのかー(毎月７日シリーズ）,雪の上　両手広げて　滑りゆき,速くて楽しい　そーなのかー,mixtuti桜餅,外来,gairai,,-
im11759884,八雲家の団らん,鍋囲み　一家団らん　温まり,お先に失礼　鍋に法師,和風海苔,外来,gairai,,-
im11759884,八雲家の団らん,八雲家に　スヤスヤ眠る　コタツ鍋,,伊賀高原,外来,gairai,,-
im11759884,八雲家の団らん,どてら着て　煮込む鍋には　針妙丸,,残念,外来,gairai,,-
im11759884,八雲家の団らん,隠し味　小槌の魔力と　少名出汁,,のこののこの,外来,gairai,,-
im11759884,八雲家の団らん,書き置きの　句集に吾が筆　進めたり,,コメ欄に一句詠む文化初めて知ったので何をかけばいいのかわからない,外来,gairai,,-
im11759884,八雲家の団らん,猫のフリ　してればバレぬ　魚取り,,ことつく,外来,gairai,,-
im11759884,八雲家の団らん,寒い日に　温もるならば　鍋と酒,あとは家族と　一緒の時間,茶芭,外来,gairai,,-
im11759884,八雲家の団らん,小娘の　創味の知恵も　乙なもの,今夜の〆は　ハイ！シャンタン麺,蛮菓,外来,gairai,,-
im11759884,八雲家の団らん,寒き日に　鍋をつつけば　温まる,家族で過ごす　豊かな団欒,和風海苔,外来,gairai,,-
im11759884,八雲家の団らん,冬の夜　湯気立つ鍋に　箸伸ばし,同じ時間を　共に味わう,mixtuti桜餅,外来,gairai,,-
im11769626,【東方ニコ楽祭・外来】縁側でゴロゴロ（=・ω・=）にゃ～?,にゃんにゃんと　スマホいじれば　日が落ちる,,伊賀高原,外来,gairai,,-
im11769626,【東方ニコ楽祭・外来】縁側でゴロゴロ（=・ω・=）にゃ～?,夕映えに　尾を揺らしつつ　夢中なる,外（と）の世の物に　心遊ばせ,mixtuti桜餅,外来,gairai,,-
im11769626,【東方ニコ楽祭・外来】縁側でゴロゴロ（=・ω・=）にゃ～?,ネコだけど　ポチポチ押すよ　夢中だね,画面いっぱい　にくきゅうのあと,和風海苔,外来,gairai,,-
im11769626,【東方ニコ楽祭・外来】縁側でゴロゴロ（=・ω・=）にゃ～?,ぽちぽちと　藍の財布で　廃課金,,残念,外来,gairai,,-
im11769626,【東方ニコ楽祭・外来】縁側でゴロゴロ（=・ω・=）にゃ～?,天離る　鄙の里辺に　人集ひ　見つつ語らひ　空蝉の　世にも見慣れぬ　もの持ちて　見ればあやしも　押し撫づる　指のまにまに　真澄鏡　見ゆれば消えつ　現れて　うららに臥して　尾を揺らし　見つつ居るまに　あぢさはふ　夜昼知らずに　過ぎにけり　ふと見上ぐれば　烏羽玉の　夜ぞなりゆく　なほ見つつ　人は　時忘るらむ,,A.o.I_Neko,外来,gairai,,-
im11769626,【東方ニコ楽祭・外来】縁側でゴロゴロ（=・ω・=）にゃ～?,夕映えに　尾を揺らしつつ　夢中なる,指のまにまに　影ぞ移ろふ,A.o.I_Neko,外来,gairai,,-
im11769626,【東方ニコ楽祭・外来】縁側でゴロゴロ（=・ω・=）にゃ～?,見ればなお　尽きせぬものを　手に持ちて,猫も時こそ　忘るるものを,mixtuti桜餅,外来,gairai,,-
im11769626,【東方ニコ楽祭・外来】縁側でゴロゴロ（=・ω・=）にゃ～?,課金ヨシ！　夕暮れ時の　指差喚呼(しさかんこ),隠岐奈戦慄　「100万円！？」,のこののこの,外来,gairai,,-
im11769626,【東方ニコ楽祭・外来】縁側でゴロゴロ（=・ω・=）にゃ～?,縁側に　ごろりと転がり　スマホする,側より怒声　「宿題やったの？」(藍),mixtuti桜餅,外来,gairai,,-
im11769626,【東方ニコ楽祭・外来】縁側でゴロゴロ（=・ω・=）にゃ～?,ゆうぐれにゃ　おててにおさまる　すきなもの,,あひるはり,外来,gairai,,-
im11769626,【東方ニコ楽祭・外来】縁側でゴロゴロ（=・ω・=）にゃ～?,もしかして　藍様よりも　高性能？,,たこLOVE,外来,gairai,,-
im11769626,【東方ニコ楽祭・外来】縁側でゴロゴロ（=・ω・=）にゃ～?,出会い系　猫も杓子も　マッチング,藍と紫は　行かず後家かな？（リアルでは使っちゃダメな表現）,F.J.C.,外来,gairai,,-
im11769626,【東方ニコ楽祭・外来】縁側でゴロゴロ（=・ω・=）にゃ～?,楽しそう　でもそのスマホ　電池切れ,黒い画面に　不気味な笑顔,いぬたろう,外来,gairai,,-
im11769626,【東方ニコ楽祭・外来】縁側でゴロゴロ（=・ω・=）にゃ～?,うれしいな　スマホにしては　正方形,,ぐらしお,外来,gairai,,-
im11769626,【東方ニコ楽祭・外来】縁側でゴロゴロ（=・ω・=）にゃ～?,皆LINE　紫様だけ　Eメール,,詠み人知らず,外来,gairai,,-
im11769626,【東方ニコ楽祭・外来】縁側でゴロゴロ（=・ω・=）にゃ～?,寝転んで　根っこが生えた　猫又が,ねんねの前に　夕餉の支度,蛮菓,外来,gairai,,-
im11769626,【東方ニコ楽祭・外来】縁側でゴロゴロ（=・ω・=）にゃ～?,夕暮れの　縁側に並ぶ　戦利品,『よくわからないや　これにゃんだろう？』,茶芭,外来,gairai,,-
im11769626,【東方ニコ楽祭・外来】縁側でゴロゴロ（=・ω・=）にゃ～?,縁側で　夕焼け染まる　朽葉色,最新式に　嫉妬する式,期待値０,外来,gairai,,-
im11769626,【東方ニコ楽祭・外来】縁側でゴロゴロ（=・ω・=）にゃ～?,夕焼けか　染まる懐　課金額,,和風海苔,外来,gairai,,-
im11769632,ブラウン管テレビとビデオが幻想入り【東方ニコ楽祭・外来】,きっと来る　怪異に響く　鈴の音,,伊賀高原,外来,gairai,,-
im11769632,ブラウン管テレビとビデオが幻想入り【東方ニコ楽祭・外来】,ブラウン管　覗けば映る　知らぬ影,鈴の音さえも　絶えて久しき,mixtuti桜餅,外来,gairai,,-
im11769632,ブラウン管テレビとビデオが幻想入り【東方ニコ楽祭・外来】,闇映す　箱の内より　声響き　画面の奥より　手は伸びて　触れし心に　冷え満ちぬ　見し者に残る　呪ひにて　七日数えて　影は現る,,A.o.I_Neko,外来,gairai,,-
im11769632,ブラウン管テレビとビデオが幻想入り【東方ニコ楽祭・外来】,七日まで　数ふるほどに　迫り来る,見てはならぬと　知りつつもなお,A.o.I_Neko,外来,gairai,,-
im11769632,ブラウン管テレビとビデオが幻想入り【東方ニコ楽祭・外来】,映したる　誠見事な　立体像,けど気付いたよ　これ伊達メガネ…,和風海苔,外来,gairai,,-
im11769632,ブラウン管テレビとビデオが幻想入り【東方ニコ楽祭・外来】,井戸を出て　間近に迫る　眼前に,皿を一枚　それ…違う人…,馬酔木,外来,gairai,,-
im11769632,ブラウン管テレビとビデオが幻想入り【東方ニコ楽祭・外来】,ｺｽｽﾞﾁｬﾝ…　轟く声(怖)色　正体は,釣瓶の女子(おなご)か　御阿礼の子？,のこののこの,外来,gairai,,-
im11769632,ブラウン管テレビとビデオが幻想入り【東方ニコ楽祭・外来】,季違いが　画面破りて　現れた,弁償しろよ　ミヤマクワガタ,F.J.C.,外来,gairai,,-
im11769632,ブラウン管テレビとビデオが幻想入り【東方ニコ楽祭・外来】,形式を　問わず集まる　妖魔本。,ビデオレンタル　この夏開始！,緋畑代一,外来,gairai,,-
im11769632,ブラウン管テレビとビデオが幻想入り【東方ニコ楽祭・外来】,見てよこれ　徘徊隠岐奈　髪自慢,,いぬたろう,外来,gairai,,-
im11769632,ブラウン管テレビとビデオが幻想入り【東方ニコ楽祭・外来】,ユルサナイ…　予約録画の　延長戦,さあここからが　ラスト・十五分（アクション）,蛮菓,外来,gairai,,-
im11769632,ブラウン管テレビとビデオが幻想入り【東方ニコ楽祭・外来】,井戸下る　釣瓶落としが　画面から,,残念,外来,gairai,,-
im11769632,ブラウン管テレビとビデオが幻想入り【東方ニコ楽祭・外来】,バースデイ　リングシリーズ　3部作,やっぱり来たよ　呪いの元凶,茶芭,外来,gairai,,-
im11769632,ブラウン管テレビとビデオが幻想入り【東方ニコ楽祭・外来】,死ぬ程に　面白かったよ　by妹紅,,詠み人知らず,外来,gairai,,-
im11769632,ブラウン管テレビとビデオが幻想入り【東方ニコ楽祭・外来】,画面から　這い出て来るは　人の影,もしや新手の　付喪神かな,和風海苔,外来,gairai,,-
im11769938,【東方ニコ楽祭・外来】神寂,神寂びて　ビルをも崩す　守の影,,伊賀高原,外来,gairai,,-
im11769938,【東方ニコ楽祭・外来】神寂,天地の　柱と輪もて　結ばれて,巡る力ぞ　神も見入らむ,mixtuti桜餅,外来,gairai,,-
im11769938,【東方ニコ楽祭・外来】神寂,古代より　信仰されし　神達の,取り込む先は　文明の跡,残念,外来,gairai,,-
im11769938,【東方ニコ楽祭・外来】神寂,千早振る　神の御代より　続き来て,新たな技に　世は変はるらむ,A.o.I_Neko,外来,gairai,,-
im11769938,【東方ニコ楽祭・外来】神寂,千早振る　神の御代より　久方の　天つみ空に　真木柱　太くそびえて　鉄となり　空ゆ結べる　黒き緒に　新たな技が　満ち来れば　廻れる輪さへ動き出で　新たなる世の　御業なるかも,,A.o.I_Neko,外来,gairai,,-
im11769938,【東方ニコ楽祭・外来】神寂,悠然と　異彩放ちし　影二つ,呼び止められて　また職質,和風海苔,外来,gairai,,-
im11769938,【東方ニコ楽祭・外来】神寂,哀れなり　景観条例　その末路,,のこののこの,外来,gairai,,-
im11769938,【東方ニコ楽祭・外来】神寂,積み上げた　儚きものの　神殿に,後光さしこむ　都の夜明け,緋畑代一,外来,gairai,,-
im11769938,【東方ニコ楽祭・外来】神寂,堂々と　コスプレ会場に　現れた,あまりにも尊大な　二筒と一索,たこLOVE,外来,gairai,,-
im11769938,【東方ニコ楽祭・外来】神寂,ベントーと　洗濯もんは　はよ出しい！,ゾーキン提出　明日やないか！　神災伝記（かんさいでんき）　オカン協会,蛮菓,外来,gairai,,-
im11769938,【東方ニコ楽祭・外来】神寂,りきんでも　みえるすがたは　ふみきりだ,,ぐらしお,外来,gairai,,-
im11769938,【東方ニコ楽祭・外来】神寂,神おわす　狩りの時間に　現るは,乾坤合わす　道標かな,ことつく,外来,gairai,,-
im11769938,【東方ニコ楽祭・外来】神寂,時を経て　時代変われど　人々の,神々への畏怖は　変わるべからず,茶芭,外来,gairai,,-
im11769938,【東方ニコ楽祭・外来】神寂,付喪神？　違いますよ　大神だ,,和風海苔,外来,gairai,,-
im11770538,【東方ニコ楽祭・外来】カメラを向けるとポーズを取ってくれる,覗き込む　カメラに向けて　応へつつ,こころ読む瞳も　ほのかに照れぬ,mixtuti桜餅,外来,gairai,,-
im11770538,【東方ニコ楽祭・外来】カメラを向けるとポーズを取ってくれる,ポーズ取り　瞬き堪えて　数刻と,静止続ける　動画となりて,和風海苔,外来,gairai,,-
im11770538,【東方ニコ楽祭・外来】カメラを向けるとポーズを取ってくれる,カメラ向け　レンズが写す　その姿,瞳が見るは　貴方の心,残念,外来,gairai,,-
im11770538,【東方ニコ楽祭・外来】カメラを向けるとポーズを取ってくれる,瞳開き　映す姿と　視る心,,伊賀高原,外来,gairai,,-
im11770538,【東方ニコ楽祭・外来】カメラを向けるとポーズを取ってくれる,カメラ向け　写し取らるる　その姿,形は残れど　肝向ふ　心のうちは　写らねば　心読む瞳　静かに見つむ,A.o.I_Neko,外来,gairai,,-
im11770538,【東方ニコ楽祭・外来】カメラを向けるとポーズを取ってくれる,写すのは　姿ばかりと　知りながら,こころの奥を　視る瞳かな,A.o.I_Neko,外来,gairai,,-
im11770538,【東方ニコ楽祭・外来】カメラを向けるとポーズを取ってくれる,「さとり様　動画ですよ？」と　諭されて,紅潮の様　シャイローズ,のこののこの,外来,gairai,,-
im11770538,【東方ニコ楽祭・外来】カメラを向けるとポーズを取ってくれる,気をつけよ　カメラがさとりを見る時　さとりもまたカメラを見ている,,たこLOVE,外来,gairai,,-
im11770538,【東方ニコ楽祭・外来】カメラを向けるとポーズを取ってくれる,うつすもの　違えど向け合う　サードアイ,,詠み人知らず,外来,gairai,,-
im11770538,【東方ニコ楽祭・外来】カメラを向けるとポーズを取ってくれる,レンズ越し　気付かぬ想いを　覚らされ,,F.J.C.,外来,gairai,,-
im11770538,【東方ニコ楽祭・外来】カメラを向けるとポーズを取ってくれる,美しい　色、艶、大きさ　これガラナ,,いぬたろう,外来,gairai,,-
im11770538,【東方ニコ楽祭・外来】カメラを向けるとポーズを取ってくれる,うつくしき　うつしみうつす　うつつつつ,いとうつくしき　さぶりみなるかな,あひるはり。,外来,gairai,,-
im11770538,【東方ニコ楽祭・外来】カメラを向けるとポーズを取ってくれる,第3の瞳をカメラ目線にしようと試行錯誤中,,ことつく,外来,gairai,,-
im11770538,【東方ニコ楽祭・外来】カメラを向けるとポーズを取ってくれる,見つめるは　画面の向こう　心かな,,ことつく,外来,gairai,,-
im11770538,【東方ニコ楽祭・外来】カメラを向けるとポーズを取ってくれる,レンズ越し　こちらの想いは　お見通し,浮かぶ表情　測りかねるも,茶芭,外来,gairai,,-
im11770538,【東方ニコ楽祭・外来】カメラを向けるとポーズを取ってくれる,掌中に　余すことなく　とらえてほしい,ピント外れの　この想い,蛮菓,外来,gairai,,-
im11770538,【東方ニコ楽祭・外来】カメラを向けるとポーズを取ってくれる,詩句枯れて　カメラ裏目か　照れ隠し,,たこLOVE（回文）,外来,gairai,,-
im11770538,【東方ニコ楽祭・外来】カメラを向けるとポーズを取ってくれる,カメラ向け　視線逸らされ　照れ隠し,けど第三の目　カメラガン見だ,和風海苔,外来,gairai,,-
im11771035,【東方ニコ楽祭・外来】紅魔館にルンバが幻想入り,瀟洒なる　務めと思ふ　この仕事,ルンバひとつに　揺らぐものかと,mixtuti桜餅,外来,gairai,,-
im11771035,【東方ニコ楽祭・外来】紅魔館にルンバが幻想入り,塵吸うも　吸えぬは多し　円盤よ,人の手尽きぬと　我勝者(瀟洒)なり,和風海苔,外来,gairai,,-
im11771035,【東方ニコ楽祭・外来】紅魔館にルンバが幻想入り,埋れ木の　人知れぬほど　磨き来し　主がためなる　吾が務め　巡りて奪ふ　ルンバにも　言はねど胸に　葛の葉の　うらみても猶　色に出でぬを,,A.o.I_Neko,外来,gairai,,-
im11771035,【東方ニコ楽祭・外来】紅魔館にルンバが幻想入り,人知れず　積み来し務め　変へられて,うらみはあれど　色に出でぬを,A.o.I_Neko,外来,gairai,,-
im11771035,【東方ニコ楽祭・外来】紅魔館にルンバが幻想入り,助け船　反発メイド　困るお嬢,,伊賀高原,外来,gairai,,-
im11771035,【東方ニコ楽祭・外来】紅魔館にルンバが幻想入り,従者と　ロボが喧嘩中　終わるまで,姉妹で踊る　コーヒールンバ,残念,外来,gairai,,-
im11771035,【東方ニコ楽祭・外来】紅魔館にルンバが幻想入り,「お姉様　踊らないの？」と　ボケかまし,「そっちのルンバじゃ…(ry」　ポチッとな,のこののこの,外来,gairai,,-
im11771035,【東方ニコ楽祭・外来】紅魔館にルンバが幻想入り,「ルンバにさ　つける名ま……え？　え、マジで…？,ほんとにするの…？　そうするの？　えぇ……」,あひるはり,外来,gairai,,-
im11771035,【東方ニコ楽祭・外来】紅魔館にルンバが幻想入り,掃除ロボ　そこのけそこのけ　メイドが通る,,たこLOVE,外来,gairai,,-
im11771035,【東方ニコ楽祭・外来】紅魔館にルンバが幻想入り,メイド様　仕事奪われ　ご立腹,,詠み人知らず,外来,gairai,,-
im11771035,【東方ニコ楽祭・外来】紅魔館にルンバが幻想入り,メイド長　明日から仕事は　門番B,,詠み人知らず,外来,gairai,,-
im11771035,【東方ニコ楽祭・外来】紅魔館にルンバが幻想入り,新入りを　指導しようと　意気込んで,逆に受け取る　仕様書の束,蛮菓,外来,gairai,,-
im11771035,【東方ニコ楽祭・外来】紅魔館にルンバが幻想入り,階段を　登れず困る　ルンバには,一階の床　ただ掃除させ,ことつく,外来,gairai,,-
im11771035,【東方ニコ楽祭・外来】紅魔館にルンバが幻想入り,るーことに　負けていられぬ　床掃除,,ぐらしお,外来,gairai,,-
im11771035,【東方ニコ楽祭・外来】紅魔館にルンバが幻想入り,機械化で　便利になった　世の中も,所詮機械は　人が動かす,茶芭,外来,gairai,,-
im11771035,【東方ニコ楽祭・外来】紅魔館にルンバが幻想入り,対抗心　機械に負けじ　メイド掃く,,和風海苔,外来,gairai,,-
im11771237,【東方ニコ楽祭・外来】招き猫もキャッシュレス化,カード見せ　富を追い出す　外れ猫,,伊賀高原,外来,gairai,,-
im11771237,【東方ニコ楽祭・外来】招き猫もキャッシュレス化,人招き　カード差し出す　その笑みで,気づけばお金　するりと逃げて,mixtuti桜餅,外来,gairai,,-
im11771237,【東方ニコ楽祭・外来】招き猫もキャッシュレス化,玉釧　手に取り持てる　一枚を　栂の木の　いや継ぎ継ぎに　かざしつつ　習ひとなりて　唐棣色の　うつろひやすき　世のならひ　銭の重みも　忘れられつつ,,A.o.I_Neko,外来,gairai,,-
im11771237,【東方ニコ楽祭・外来】招き猫もキャッシュレス化,小判なく　世を渡るとは　思はねど,猫の手にさへ　時代うつろふ,A.o.I_Neko,外来,gairai,,-
im11771237,【東方ニコ楽祭・外来】招き猫もキャッシュレス化,千亦さん　私のカードに　勝てますか？,,残念,外来,gairai,,-
im11771237,【東方ニコ楽祭・外来】招き猫もキャッシュレス化,現金は　もう古いと　カード払い,新し過ぎて　里で使えぬ,和風海苔,外来,gairai,,-
im11771237,【東方ニコ楽祭・外来】招き猫もキャッシュレス化,急速に　広まるカード　深き青,「それは私が　作ったものだが？」,緋畑代一,外来,gairai,,-
im11771237,【東方ニコ楽祭・外来】招き猫もキャッシュレス化,福招く　猫の差し出す　一枚に,変はらぬ福は　寄り来るものや,A.o.I_Neko,外来,gairai,,-
im11771237,【東方ニコ楽祭・外来】招き猫もキャッシュレス化,【非対応】　嘆くミケ氏に　神の救い,空白のカード　「使えるかぁ！！(怒)」,のこののこの,外来,gairai,,-
im11771237,【東方ニコ楽祭・外来】招き猫もキャッシュレス化,キャッシュレス　便利と思ひ　使へども,いつの間にやら　青天井かな,mixtuti桜餅,外来,gairai,,-
im11771237,【東方ニコ楽祭・外来】招き猫もキャッシュレス化,きゃっしゅれす？　もともとほとんど　ぶつぶつこうかん,,たこLOVE,外来,gairai,,-
im11771237,【東方ニコ楽祭・外来】招き猫もキャッシュレス化,18禁　ミケが主役の　同人誌,メロブで買うも　VI〇Aは使えず,F.J.C.,外来,gairai,,-
im11771237,【東方ニコ楽祭・外来】招き猫もキャッシュレス化,デュエル！　私のターン　リボ払い,,いぬたろう,外来,gairai,,-
im11771237,【東方ニコ楽祭・外来】招き猫もキャッシュレス化,キャッシュレス　招いた結果　キャッシュロス,,蛮菓,外来,gairai,,-
im11771237,【東方ニコ楽祭・外来】招き猫もキャッシュレス化,カードでも　払えることを　広告も,肝心の人が　使ってくれぬ,ことつく,外来,gairai,,-
im11771237,【東方ニコ楽祭・外来】招き猫もキャッシュレス化,リボ払い　よく考えて　使いなさい,後で泣くのは　自分自身だ,茶芭,外来,gairai,,-
im11771237,【東方ニコ楽祭・外来】招き猫もキャッシュレス化,財布など　すでに捨てたわ　これでイイ,,詠み人知らず,外来,gairai,,-
im11771237,【東方ニコ楽祭・外来】招き猫もキャッシュレス化,ハイタッチ！　手招き代は　チップだよ？,,蛮菓,外来,gairai,,-
im11771237,【東方ニコ楽祭・外来】招き猫もキャッシュレス化,魔理沙「弾幕は　限度額だぜ　子猫ちゃん」,ミケ「あんたはとっくに　ブラックリスト！」,期待値０,外来,gairai,,-
im11771237,【東方ニコ楽祭・外来】招き猫もキャッシュレス化,リボ払い　便利と使い　気が付くと,自身分割　そんな奴がいた,和風海苔,外来,gairai,,-
im11771707,【東方ニコ楽祭・外来】究極装備を手に入れた大ちゃん,手にしたる　ゲームパッドで　これ勝つる,されど技量は　本人次第,和風海苔,外来,gairai,,-
im11771707,【東方ニコ楽祭・外来】究極装備を手に入れた大ちゃん,手に入れた　ゲームパッドを　握りしめ,勝てる気だけは　誰より強し,mixtuti桜餅,外来,gairai,,-
im11771707,【東方ニコ楽祭・外来】究極装備を手に入れた大ちゃん,射干玉の　この夜な明けそ　赤ら引く　朝となるまで　手に取りし　これぞ強きと　思ひつつ　ゲームパッドを　繋ぎたる　遊びにふけり　時ぞ過ぎゆく,,A.o.I_Neko,外来,gairai,,-
im11771707,【東方ニコ楽祭・外来】究極装備を手に入れた大ちゃん,行く鳥の　争ふごとく　遊べども,思ひしほどに　勝ちは得られず,A.o.I_Neko,外来,gairai,,-
im11771707,【東方ニコ楽祭・外来】究極装備を手に入れた大ちゃん,装備手に　「これで勝つる！」と　意気揚々,すかさずチルノ　「モニターは？」,のこののこの,外来,gairai,,-
im11771707,【東方ニコ楽祭・外来】究極装備を手に入れた大ちゃん,ボード無理　パッドでピース　すぐピチューン,,伊賀高原,外来,gairai,,-
im11771707,【東方ニコ楽祭・外来】究極装備を手に入れた大ちゃん,初めての　ゲームパッドが　切欠で,沼り始める　周辺機材,残念,外来,gairai,,-
im11771707,【東方ニコ楽祭・外来】究極装備を手に入れた大ちゃん,動くはず　コントローラー　手にしつつ,「ボタン効かない！」　負け犬妖精,しーちきん,外来,gairai,,-
im11771707,【東方ニコ楽祭・外来】究極装備を手に入れた大ちゃん,大ピンチ！　ゲーム１日　1時間！？,迫るリミット　手汗がヤバい,蛮菓,外来,gairai,,-
im11771707,【東方ニコ楽祭・外来】究極装備を手に入れた大ちゃん,PCを　手に入れ浮かれる　大妖精,自分自身が　Bombとも知らず,茶芭,外来,gairai,,-
im11771707,【東方ニコ楽祭・外来】究極装備を手に入れた大ちゃん,ゲーム始め　挙動不審　バグったか,キーコンフィグ　忘れてました,和風海苔,外来,gairai,,-
im11772401,【東方ニコ楽祭・外来】バーチャル美少女アイドル雲たん,バ美親父　見越した先は　五里霧中,,伊賀高原,外来,gairai,,-
im11772401,【東方ニコ楽祭・外来】バーチャル美少女アイドル雲たん,活き活きと　親父転身　アイドルに,仕草可愛く　歌うは演歌,和風海苔,外来,gairai,,-
im11772401,【東方ニコ楽祭・外来】バーチャル美少女アイドル雲たん,バーチャルで　受肉の果てに　舞台立つ,声は渋めで　見た目は乙女,mixtuti桜餅,外来,gairai,,-
im11772401,【東方ニコ楽祭・外来】バーチャル美少女アイドル雲たん,雲山が　バ美肉デビュー　即身バレ,転生すること　はや七回目,残念,外来,gairai,,-
im11772401,【東方ニコ楽祭・外来】バーチャル美少女アイドル雲たん,久方の　雲に仮なる　魂極る,命を得つつ　顕れし　姿定めぬ　かげろひは　うたごゑ響く　仮初の姫,A.o.I_Neko,外来,gairai,,-
im11772401,【東方ニコ楽祭・外来】バーチャル美少女アイドル雲たん,定めなき　雲の姿は　うつろへど,歌の響きは　世に残りけり,A.o.I_Neko,外来,gairai,,-
im11772401,【東方ニコ楽祭・外来】バーチャル美少女アイドル雲たん,第一声　ポンデリングぜぇ！　即停止,,のこののこの,外来,gairai,,-
im11772401,【東方ニコ楽祭・外来】バーチャル美少女アイドル雲たん,美少女も　アプリ通せば　みな雲山,,３ｗａｖｅｓ,外来,gairai,,-
im11772401,【東方ニコ楽祭・外来】バーチャル美少女アイドル雲たん,バーチャルも　生身の姿も　かわりなし,ひと風吹けば　消える白雲,たこLOVE,外来,gairai,,-
im11772401,【東方ニコ楽祭・外来】バーチャル美少女アイドル雲たん,歌います　ハイカラ親父　天城越え,漢、雲山　涙のこぶし,いぬたろう,外来,gairai,,-
im11772401,【東方ニコ楽祭・外来】バーチャル美少女アイドル雲たん,幻想の幻想少女の幻想の親が幻想の幻想少女に,,あひるはり。,外来,gairai,,-
im11772401,【東方ニコ楽祭・外来】バーチャル美少女アイドル雲たん,雲たんの　中の人って　お前かよ,虚構に恋して　落胆一入,茶芭,外来,gairai,,-
im11772401,【東方ニコ楽祭・外来】バーチャル美少女アイドル雲たん,推し活で　クラウドサービス　入門し,毎日読もう　般若心経,蛮菓,外来,gairai,,-
im11772401,【東方ニコ楽祭・外来】バーチャル美少女アイドル雲たん,なぜかしら　近頃一輪　寂しそう,,詠み人知らず,外来,gairai,,-
im11772401,【東方ニコ楽祭・外来】バーチャル美少女アイドル雲たん,中の人　見越してならぬ　夢を壊すな,,期待値０,外来,gairai,,-
im11773011,SUZUNA-AN【東方ニコ楽祭・外来】,レジ通し　驚愕するは　延滞金,,和風海苔,外来,gairai,,-
im11773011,SUZUNA-AN【東方ニコ楽祭・外来】,本捨てて　ビデオ貸します　「どう見るの？」,,伊賀高原,外来,gairai,,-
im11773011,SUZUNA-AN【東方ニコ楽祭・外来】,ガンプラ屋？　違いますよ　レンタル屋,,詠み人知らず,外来,gairai,,-
im11773011,SUZUNA-AN【東方ニコ楽祭・外来】,ありますか？　易者の男が　割れるやつ,,馬酔木,外来,gairai,,-
im11773011,SUZUNA-AN【東方ニコ楽祭・外来】,端の方　Qの新刊　追いやられ,,のこののこの,外来,gairai,,-
im11773011,SUZUNA-AN【東方ニコ楽祭・外来】,これならば　燃えないだろうと　思ってた,,詠み人知らず,外来,gairai,,-
im11773011,SUZUNA-AN【東方ニコ楽祭・外来】,お客様？　アナタ一体　何をした？,永久出禁（げんそういり）の　会員カード,蛮菓,外来,gairai,,-
im11773011,SUZUNA-AN【東方ニコ楽祭・外来】,後ろから　感じる視線　怪談に,,ことつく,外来,gairai,,-
im11773011,SUZUNA-AN【東方ニコ楽祭・外来】,オススメは？　良いのがあるよ　怖いヤツ,,残念,外来,gairai,,-
im11773011,SUZUNA-AN【東方ニコ楽祭・外来】,旧作は　5本で1000円　借りまくり,見れずに返却　次また借りる,茶芭,外来,gairai,,-
im11773011,SUZUNA-AN【東方ニコ楽祭・外来】,旧作の　棚を探して　籠に入れ,結局積んで　見ずに返却,mixtuti桜餅,外来,gairai,,-
im11773011,SUZUNA-AN【東方ニコ楽祭・外来】,明星の　飽くまで観むと　棚探し,手に取り帰る　射干玉の　闇に映せば　夢現　心ゆかしく　世は移ろひぬ,A.o.I_Neko,外来,gairai,,-
im11773011,SUZUNA-AN【東方ニコ楽祭・外来】,手に取りて　闇に灯せし　あの時の,物語こそ　心に残る,A.o.I_Neko,外来,gairai,,-
im11773011,SUZUNA-AN【東方ニコ楽祭・外来】,迷走す　貸本屋から　品増えて,気付けばここは　何屋さんかと,和風海苔,外来,gairai,,-
im11773303,【東方ニコ楽祭・外来】〇〇をダメにするソファ,寝そべれば　泣く子も黙る　悪党も,眠れば静か　天使の顔に,和風海苔,外来,gairai,,-
im11773303,【東方ニコ楽祭・外来】〇〇をダメにするソファ,地獄より　沈むも早い　yogibo沼,,伊賀高原,外来,gairai,,-
im11773303,【東方ニコ楽祭・外来】〇〇をダメにするソファ,畜生の　顔もほころぶ　極楽浄土,えの・びて・ちやり　「「「はよ返せ！」」」,のこののこの,外来,gairai,,-
im11773303,【東方ニコ楽祭・外来】〇〇をダメにするソファ,包眠不覺曉　處處聞睡息　夜来宴会聲,樽空知多少,たこLOVE,外来,gairai,,-
im11773303,【東方ニコ楽祭・外来】〇〇をダメにするソファ,畜生界　やべぇ物が　流行り出す,,残念,外来,gairai,,-
im11773303,【東方ニコ楽祭・外来】〇〇をダメにするソファ,だめになる　ああだめになる　だめになう,,あひるはり。,外来,gairai,,-
im11773303,【東方ニコ楽祭・外来】〇〇をダメにするソファ,しめしめと　勢力広げる　埴安神,,詠み人知らず,外来,gairai,,-
im11773303,【東方ニコ楽祭・外来】〇〇をダメにするソファ,畜生を　蹴散らすために　用意した,,ことつく,外来,gairai,,-
im11773303,【東方ニコ楽祭・外来】〇〇をダメにするソファ,お天気に　この柔らかさと　肌ざわり,一切合切　どうでもいいや,茶芭,外来,gairai,,-
im11773303,【東方ニコ楽祭・外来】〇〇をダメにするソファ,涅槃への　悟りを開く　数珠の玉,,蛮菓,外来,gairai,,-
im11773303,【東方ニコ楽祭・外来】〇〇をダメにするソファ,ダメにする　その名のとおり　抗えず,気づけば今日も　何もせぬまま,mixtuti桜餅,外来,gairai,,-
im11773303,【東方ニコ楽祭・外来】〇〇をダメにするソファ,打ち靡く　春の眠りの　心地よさ,身を預ければ　力抜け　起きむ思ひも　日の下の　草香の如く　微睡みゆけり,A.o.I_Neko,外来,gairai,,-
im11773303,【東方ニコ楽祭・外来】〇〇をダメにするソファ,春の日の　まどろむほどの　心地よさ,起きむ心も　失せにけるかな,A.o.I_Neko,外来,gairai,,-
im11773303,【東方ニコ楽祭・外来】〇〇をダメにするソファ,ひと眠り　もはや起きれぬ　心地よさ,,和風海苔,外来,gairai,,-
im11773306,【東方ニコ楽祭・外来】VR高所体験,仮想でも　落ちる体感　恐ろしく,お嬢構える　カリスマガード,和風海苔,外来,gairai,,-
im11773306,【東方ニコ楽祭・外来】VR高所体験,うーうーと　飛ばず怯える　ビルの空,,伊賀高原,外来,gairai,,-
im11773306,【東方ニコ楽祭・外来】VR高所体験,う?トラマン　倒せ火を吐く　ミコジンジャー,,詠み人知らず,外来,gairai,,-
im11773306,【東方ニコ楽祭・外来】VR高所体験,あと３歩　進んだ先は　マジ奈落,,のこののこの,外来,gairai,,-
im11773306,【東方ニコ楽祭・外来】VR高所体験,仮想だと　安心しきり　はしゃぐも,ぶつけた小指　痛さはリアル,残念,外来,gairai,,-
im11773306,【東方ニコ楽祭・外来】VR高所体験,幻想の端に佇む紅の主が見るは現世の仮想,,あひるはり。,外来,gairai,,-
im11773306,【東方ニコ楽祭・外来】VR高所体験,飛び降りて　頭抱えて　うずくまる,その姿から　カリスマ無くす,ことつく,外来,gairai,,-
im11773306,【東方ニコ楽祭・外来】VR高所体験,ヴァーチャルの　世界であろうと　怖いのよ,聖痕って　知らないの？,茶芭,外来,gairai,,-
im11773306,【東方ニコ楽祭・外来】VR高所体験,怖くない！　怖くなくない？　なくなくない！？,まあチョットだけ　カクゴしておこ,蛮菓,外来,gairai,,-
im11773306,【東方ニコ楽祭・外来】VR高所体験,高みより　見下ろす側の　はずなのに,足が竦んで　威厳が揺らぐ,mixtuti桜餅,外来,gairai,,-
im11773306,【東方ニコ楽祭・外来】VR高所体験,久方の　空の高みに　立つとても,仮想と知りて　足すくみ　見下ろすはずの　心さへ　揺らぎて惑ふ　夢現なり,A.o.I_Neko,外来,gairai,,-
im11773306,【東方ニコ楽祭・外来】VR高所体験,久方の　仮想の空と　知りながら,心乱れて　足すくみけり,A.o.I_Neko,外来,gairai,,-
im11773306,【東方ニコ楽祭・外来】VR高所体験,体感す　ヴァーチャルでも　うー！怖い,,和風海苔,外来,gairai,,-
im11773952,【東方ニコ楽祭・外来】ノンアル,ノンアルの　宣伝出来ぬ　キマり巫女,,伊賀高原,外来,gairai,,-
im11773952,【東方ニコ楽祭・外来】ノンアル,今年から　ノンアルになった　花見会,,残念,外来,gairai,,-
im11773952,【東方ニコ楽祭・外来】ノンアル,酒呑みも　渋い顔せし　麦ジュース,,和風海苔,外来,gairai,,-
im11773952,【東方ニコ楽祭・外来】ノンアル,魂が　宿ってないのよ　この酒は,,詠み人知らず,外来,gairai,,-
im11773952,【東方ニコ楽祭・外来】ノンアル,ノンアルも　ノン・ノンアルも　有るアルよ,とあるのんべの　のんのんびより,蛮菓,外来,gairai,,-
im11773952,【東方ニコ楽祭・外来】ノンアル,飲みすぎて　全て禁止に　それ困る,,ことつく,外来,gairai,,-
im11773952,【東方ニコ楽祭・外来】ノンアル,ノンアルは　昔はそれは　不味かった,今じゃ二度見し　確かめるレベル,茶芭,外来,gairai,,-
im11773952,【東方ニコ楽祭・外来】ノンアル,酔えぬのに　なぜか楽しい　宴かな,雰囲気だけで　もう出来上がり,mixtuti桜餅,外来,gairai,,-
im11773952,【東方ニコ楽祭・外来】ノンアル,五月蠅なす　騒ぐ宴に　集ひ来て,酔ゑは無くとも　語らひて　笑み交はしつつ　友あらば　楽しきことに　劣らざるらし,A.o.I_Neko,外来,gairai,,-
im11773952,【東方ニコ楽祭・外来】ノンアル,酒よりも　友と語らふ　ひと時は,心ほどけて　勝りたるらし,A.o.I_Neko,外来,gairai,,-
im11773952,【東方ニコ楽祭・外来】ノンアル,場に酔えば　ノンアルであれど　気分良し,,和風海苔,外来,gairai,,-
im11774277,【東方ニコ楽祭・外来】星が繋いだ二人,天を見よ　北斗の導(しるべ)　めぐりあい,,和風海苔,外来,gairai,,-
im11774277,【東方ニコ楽祭・外来】星が繋いだ二人,星空の　秘密を開かす　少女たち,,伊賀高原,外来,gairai,,-
im11774277,【東方ニコ楽祭・外来】星が繋いだ二人,てんとてん　つなぐてんてん　せんのそら,せいざをせいざ　たらしめるのは,あひるはり。,外来,gairai,,-
im11774277,【東方ニコ楽祭・外来】星が繋いだ二人,星々の　齢に比べ　我々の,歴史などは　ほんの瞬き,残念,外来,gairai,,-
im11774277,【東方ニコ楽祭・外来】星が繋いだ二人,新春の　北斗七星　瞬く夜,ケーキ賭けて　じゃんけんぽん！,のこののこの,外来,gairai,,-
im11774277,【東方ニコ楽祭・外来】星が繋いだ二人,あの星が　デネブと君が　言ったから,四月二十日は　JD記念日,F.J.C.,外来,gairai,,-
im11774277,【東方ニコ楽祭・外来】星が繋いだ二人,空の果て　時空を超えて　めぐり合う,視線の先は　未知の存在,いぬたろう,外来,gairai,,-
im11774277,【東方ニコ楽祭・外来】星が繋いだ二人,星々の　示す境界　飛び越えて,ぎゅうと掴むは　君の右腕,詠み人知らず,外来,gairai,,-
im11774277,【東方ニコ楽祭・外来】星が繋いだ二人,燦然と　北斗七星　輝くは,二人の仲を　示すものなり,ことつく,外来,gairai,,-
im11774277,【東方ニコ楽祭・外来】星が繋いだ二人,ななつ星　道なき道を　行く希望,あなたと二人　どこまでだって,茶芭,外来,gairai,,-
im11774277,【東方ニコ楽祭・外来】星が繋いだ二人,ひさご星　たとえば遠く　別たれたとて,また巡り合う　みちしるべ,蛮菓,外来,gairai,,-
im11774277,【東方ニコ楽祭・外来】星が繋いだ二人,あたたたた　ぼくと七星　とわにあれ,,ぐらしお,外来,gairai,,-
im11774277,【東方ニコ楽祭・外来】星が繋いだ二人,星繋ぐ　届かぬ距離も　越えてゆく,二人を結ぶ　ひとすじの糸,mixtuti桜餅,外来,gairai,,-
im11774277,【東方ニコ楽祭・外来】星が繋いだ二人,大口の　真神の丹波に　降る星は,二人を繋ぐ　標なるかな,期待値０,外来,gairai,,-
im11774277,【東方ニコ楽祭・外来】星が繋いだ二人,雲居なす　遠くも我ら　今日見つめ,境を越えて　求めゆく　未知の理を　這ふ葛の　絶えず結びて　また逢はむとす,A.o.I_Neko,外来,gairai,,-
im11774277,【東方ニコ楽祭・外来】星が繋いだ二人,輝けば　迷わぬ想い　ふたり繋ぎ,,和風海苔,外来,gairai,,-
im11774277,【東方ニコ楽祭・外来】星が繋いだ二人,這ふ葛の　絶えぬ縁にて　結ばれて,遠き空にも　また逢はむとす,A.o.I_Neko,外来,gairai,,-
im11774718,[東方ニコ楽祭・外来] 映像出力,トラウマを　モニタに映し　大儲け！？,,伊賀高原,外来,gairai,,-
im11774718,[東方ニコ楽祭・外来] 映像出力,規格増え　けーぶる絡まる　さとり様,,残念,外来,gairai,,-
im11774718,[東方ニコ楽祭・外来] 映像出力,サードアイ　時代はいよいよ　デジタル化,さとりの負荷も　軽減へ,のこののこの,外来,gairai,,-
im11774718,[東方ニコ楽祭・外来] 映像出力,配線を　繋ぎ間違え　自らの,黒い歴史が　郷にダダ漏れ,F.J.C.,外来,gairai,,-
im11774718,[東方ニコ楽祭・外来] 映像出力,対応す　端子ばかりが　増え続け,線が絡みて　無線求むる,和風海苔,外来,gairai,,-
im11774718,[東方ニコ楽祭・外来] 映像出力,差しました　不明なデータ　バグる姉,これもうダメだ　初期化します,いぬたろう,外来,gairai,,-
im11774718,[東方ニコ楽祭・外来] 映像出力,ですぷれい　ぽおとをえいち　でいえむあい,へんかんしても　なぜかうつらず,あひるはり。,外来,gairai,,-
im11774718,[東方ニコ楽祭・外来] 映像出力,暗室に這い纏わるる蔓薔薇に瞳閉ざせば二度もなし,,あひるはり。,外来,gairai,,-
im11774718,[東方ニコ楽祭・外来] 映像出力,サードアイ　カッパに頼み　改造し,相手の気持ち　画面に映す,ことつく,外来,gairai,,-
im11774718,[東方ニコ楽祭・外来] 映像出力,見たくない　見られたくない　あれやこれ,大人だったら　ひとつやふたつ,茶芭,外来,gairai,,-
im11774718,[東方ニコ楽祭・外来] 映像出力,高画質　音と易者は　割れている,,蛮菓,外来,gairai,,-
im11774718,[東方ニコ楽祭・外来] 映像出力,接続で　心の奥も　映し出す,閉ざしたはずの　本音も4K,mixtuti桜餅,外来,gairai,,-
im11774718,[東方ニコ楽祭・外来] 映像出力,圧倒的な　恐怖の記憶　幼い頃の,サイレント,蛮菓,外来,gairai,,-
im11774718,[東方ニコ楽祭・外来] 映像出力,何処に差す？　三色端子　非対応,,和風海苔,外来,gairai,,-
im11774718,[東方ニコ楽祭・外来] 映像出力,蜷の腸　か黒き心　宿しつつ,瞳を向けみれば　這ふ蔦の　己が向き向き　秘めし事　映し出でつつ　消ゆることなし,A.o.I_Neko,外来,gairai,,-
im11774718,[東方ニコ楽祭・外来] 映像出力,消さむとも　消えぬものこそ　心なれ,見られぬものと　思ひしものを,A.o.I_Neko,外来,gairai,,-
im11774718,[東方ニコ楽祭・外来] 映像出力,地底には　テレビもラジオも　ございません,こいつが全部　潰したからです,美容室（マツリ）,外来,gairai,,-
im11775173,【東方ニコ楽祭・外来】プレゼンしてるちまたん,結局は　みんな思った　いらないな,,詠み人知らず,外来,gairai,,-
im11775173,【東方ニコ楽祭・外来】プレゼンしてるちまたん,価値あると　説明続けて　数時間,熱意虚しく　無に返らん…,和風海苔,外来,gairai,,-
im11775173,【東方ニコ楽祭・外来】プレゼンしてるちまたん,懸命に　語って市場は　空白に,,伊賀高原,外来,gairai,,-
im11775173,【東方ニコ楽祭・外来】プレゼンしてるちまたん,白カード　無くした時の　よびちゃうの？,,残念,外来,gairai,,-
im11775173,【東方ニコ楽祭・外来】プレゼンしてるちまたん,何言っても　納得しない　経営陣,,いぬたろう,外来,gairai,,-
im11775173,【東方ニコ楽祭・外来】プレゼンしてるちまたん,オンライン　活用しつつ　宣伝も,終始参加者　ホストのみ,のこののこの,外来,gairai,,-
im11775173,【東方ニコ楽祭・外来】プレゼンしてるちまたん,ほにゃららの　まるまるぶんきに　ひつようです,とうほうふぁんは　ひっすのいちまい,あひるはり。,外来,gairai,,-
im11775173,【東方ニコ楽祭・外来】プレゼンしてるちまたん,本当に　賢い人は　知っている,こと本質は　シンプルであると,茶芭,外来,gairai,,-
im11775173,【東方ニコ楽祭・外来】プレゼンしてるちまたん,白限定！　コンプリートな　200色！,今ならなんと　もう1セット！,蛮菓,外来,gairai,,-
im11775173,【東方ニコ楽祭・外来】プレゼンしてるちまたん,空白に　意味を与える　その価値は,使う者こそ　決めるものなり,mixtuti桜餅,外来,gairai,,-
im11775173,【東方ニコ楽祭・外来】プレゼンしてるちまたん,栲領巾の　白き余白に　意味はなく,手に取る者の　思ひこそ　形となりて　世に出でば　価値は生まると　知るべきものを,A.o.I_Neko,外来,gairai,,-
im11775173,【東方ニコ楽祭・外来】プレゼンしてるちまたん,カードより　目を引く派手さ　虹の服,,和風海苔,外来,gairai,,-
im11775173,【東方ニコ楽祭・外来】プレゼンしてるちまたん,白きまま　置けば虚しき　そのカード,使ふ人にて　宝ともなる,A.o.I_Neko,外来,gairai,,-
im11775476,【東方ニコ楽祭・外来】空の旅,憧れの　巫女等と同じ　空景色,,伊賀高原,外来,gairai,,-
im11775476,【東方ニコ楽祭・外来】空の旅,高き空　麓小さく　映りては,歴代夢見た　絶景かな,和風海苔,外来,gairai,,-
im11775476,【東方ニコ楽祭・外来】空の旅,「いつの日か…」　ついに叶った　同目線,「どこへ行きたい？」　「紅魔館！」,のこののこの,外来,gairai,,-
im11775476,【東方ニコ楽祭・外来】空の旅,見上げれば　空を飛ぶ船　異変かな,,詠み人知らず,外来,gairai,,-
im11775476,【東方ニコ楽祭・外来】空の旅,空高く　上りし先に　見えるのは,遥か広がる　幻想郷,残念,外来,gairai,,-
im11775476,【東方ニコ楽祭・外来】空の旅,この気球　千亦の服で　作ってます,,たこLOVE,外来,gairai,,-
im11775476,【東方ニコ楽祭・外来】空の旅,白黒と紅白連れて虹色の気球はそっちへ東風に吹かれて,,あひるはり。,外来,gairai,,-
im11775476,【東方ニコ楽祭・外来】空の旅,舞い上がり　眼下に見下ろす　幻想郷,このまま月まで　辿り着けるかな,茶芭,外来,gairai,,-
im11775476,【東方ニコ楽祭・外来】空の旅,万色の　冀求（ききゅう）を浮かべ　つぎあえば,千景望む　黎明の空,蛮菓,外来,gairai,,-
im11775476,【東方ニコ楽祭・外来】空の旅,飛べる者　管制官だ　即席で,,ぐらしお,外来,gairai,,-
im11775476,【東方ニコ楽祭・外来】空の旅,風を継ぎ　虹の彼方へ　浮かびゆき,まだ見ぬ頁　空へ続きゆく,mixtuti桜餅,外来,gairai,,-
im11775476,【東方ニコ楽祭・外来】空の旅,浮き立つも　眼鏡を忘れ　ぼやけしき,こうして生まれた　眼科の気球,美容室（マツリ）,外来,gairai,,-
im11775476,【東方ニコ楽祭・外来】空の旅,空往けば　眼前広がる　景観は,神々恋せし　幻想郷,和風海苔,外来,gairai,,-
im11775476,【東方ニコ楽祭・外来】空の旅,水鳥の　浮き立つ如く　久方の,空へ昇りて　玉藻なす　靡きのままに　未だ見ぬ　景色求めて　心躍れり,A.o.I_Neko,外来,gairai,,-
im11775476,【東方ニコ楽祭・外来】空の旅,久方の　空に浮かびて　行く先の,未だ知られぬ　景ぞ楽しき,A.o.I_Neko,外来,gairai,,-
im11103052,『ゲームをしている草の根妖怪3人組』,満面の　笑顔で放つ　トゲ甲羅,,詠み人知らず,外来,gairai,,-
im11103052,『ゲームをしている草の根妖怪3人組』,集まれば　みんなワイワイ　対戦だ,楽しく遊ぼう　ハンデください,和風海苔,外来,gairai,,-
im11103052,『ゲームをしている草の根妖怪3人組』,友達と　コントローラー　持ち寄って,今日も愉快な　パーティータイム,蛮菓,外来,gairai,,-
im11103052,『ゲームをしている草の根妖怪3人組』,ワイワイと　皆で楽しむ　某ゲーム,次第に白熱　もろたで影狼！！,茶芭,外来,gairai,,-
im11103052,『ゲームをしている草の根妖怪3人組』,草の根を　かき分け甲羅　さわがしい,,伊賀高原,外来,gairai,,-
im11103052,『ゲームをしている草の根妖怪3人組』,「もらったー！」　勢い余って　コード抜け,,のこののこの,外来,gairai,,-
im11103052,『ゲームをしている草の根妖怪3人組』,もう一回　それを延々　日が昇る,,残念,外来,gairai,,-
im11103052,『ゲームをしている草の根妖怪3人組』,対戦も　協力も　仲良しで,友と遊ぶ　楽しいひと時,和風海苔,外来,gairai,,-
im11103052,『ゲームをしている草の根妖怪3人組』,競いつつ　笑いも絶えぬ　この遊び,友と過ごせば　楽しさ増して,mixtuti桜餅,外来,gairai,,-
im11776294,腹筋ローラー,見た目より　意外とキツく　三日坊主,,和風海苔,外来,gairai,,-
im11776294,腹筋ローラー,ゴロゴロと　鍛えた腹に　パパラッチ,,伊賀高原,外来,gairai,,-
im11776294,腹筋ローラー,自宅では　畳傷むし　やりづらく,ここならよいかと　文さんの家,詠み人知らず,外来,gairai,,-
im11776294,腹筋ローラー,「今年こそっ！」　『なんか目標？』　はたて問う,「翼を生やす！」　『無茶やんけ』,のこののこの,外来,gairai,,-
im11776294,腹筋ローラー,ローラーの　行きはよくとも　問題は,帰りの道のり　まるで上がらず,残念,外来,gairai,,-
im11776294,腹筋ローラー,人知れず　弛まぬ努力と　鍛錬が,培う我が身と　心の強さ,茶芭,外来,gairai,,-
im11776294,腹筋ローラー,さあ、振り切るぞ　甘い誘惑　シックスパックに,トライアル！,蛮菓,外来,gairai,,-
im11776294,腹筋ローラー,にくつけて　くすり造るや　ぎーこぎこ,,ぐらしお,外来,gairai,,-
im11776294,腹筋ローラー,日々鍛え　備え欠かさず　山守り,積みし力が　己を支え,mixtuti桜餅,外来,gairai,,-
im11776294,腹筋ローラー,人生は　押して引いての　繰り返し,どうせ引くなら　漢方でも挽きたい,美容室（マツリ）,外来,gairai,,-
im11776294,腹筋ローラー,引き締めて　触る感触　6LDK,,和風海苔,外来,gairai,,-
im11776294,腹筋ローラー,もみぢばの　過ぎし時にも　弛まずに,力積みつつ　葦の根の　ねもころ鍛へ　備ふれば　身を助くるは　己なりけり,A.o.I_Neko,外来,gairai,,-
im11776294,腹筋ローラー,日々鍛へ　備へし力　あるゆゑに,山の平らぎ　守り続けむ,A.o.I_Neko,外来,gairai,,-
im11776295,レトロPC【東方ニコ楽祭・外来】,読み書きの　音に哀愁　フロッピー,,和風海苔,外来,gairai,,-
im11776295,レトロPC【東方ニコ楽祭・外来】,あの藍の　ムフフな写真と　聞いたのに,,詠み人知らず,外来,gairai,,-
im11776295,レトロPC【東方ニコ楽祭・外来】,旧作を　やれると勇み　馬鹿を見る,,伊賀高原,外来,gairai,,-
im11776295,レトロPC【東方ニコ楽祭・外来】,若かりし　驪駒の姿　映したる,「これが靈異で…」　「なわけないっす」,のこののこの,外来,gairai,,-
im11776295,レトロPC【東方ニコ楽祭・外来】,あの頭　こんなシノギを　してたのか…,,残念,外来,gairai,,-
im11776295,レトロPC【東方ニコ楽祭・外来】,レトロ品　時代遅れと　蔑むなかれ,古きものには　古き良さあり,茶芭,外来,gairai,,-
im11776295,レトロPC【東方ニコ楽祭・外来】,情熱が　いつも世界を　変えてゆく,"Hello，　World!の　そのまた先へ",蛮菓,外来,gairai,,-
im11776295,レトロPC【東方ニコ楽祭・外来】,古き知の　積み重ねこそ　礎と,新しき世も　そこより生まる,mixtuti桜餅,外来,gairai,,-
im11776295,レトロPC【東方ニコ楽祭・外来】,情報戦　鬼傑のデスクの　トップ画面,やっぱりこいつら　デキてんじゃねぇの？,美容室（マツリ）,外来,gairai,,-
im11776295,レトロPC【東方ニコ楽祭・外来】,独特の　少ない色数　詫び寂びか,,和風海苔,外来,gairai,,-
im11776295,レトロPC【東方ニコ楽祭・外来】,石上　古りにし技を　受け継ぎて,積み来し跡に　若草の　新(にひ)しき理　生まれ出で　今の世までも　続き来にけり,A.o.I_Neko,外来,gairai,,-
im11776295,レトロPC【東方ニコ楽祭・外来】,古りし技　積みし跡より　生まるるは,新しき世の　理なりけり,A.o.I_Neko,外来,gairai,,-
im11776549,【東方ニコ楽祭・外来】仲良しイヤホン,譜を分けて　共に聞く音　永遠の縁,,伊賀高原,外来,gairai,,-
im11776549,【東方ニコ楽祭・外来】仲良しイヤホン,音楽の　同時共有　嬉しくて,鼓動も共に　見つめ微笑む,茶芭,外来,gairai,,-
im11776549,【東方ニコ楽祭・外来】仲良しイヤホン,聴いてみて　貴女に見せたい　音の色,,詠み人知らず,外来,gairai,,-
im11776549,【東方ニコ楽祭・外来】仲良しイヤホン,姉妹にて　一緒に聴く　その姿,コードで紡ぐ　ハート模様,残念,外来,gairai,,-
im11776549,【東方ニコ楽祭・外来】仲良しイヤホン,音色聞く　二人の姿　尊くて,プレイヤー持ちし　我眼福なり,和風海苔,外来,gairai,,-
im11776549,【東方ニコ楽祭・外来】仲良しイヤホン,睦まじい　楽器姉妹の　聴く音よ,けどそれもしや　バイノーラル？,のこののこの,外来,gairai,,-
im11776549,【東方ニコ楽祭・外来】仲良しイヤホン,すいません　古明地さとりと　申します,勝手にサードアイに　繋がないで貰えます？,美容室（マツリ）,外来,gairai,,-
im11776549,【東方ニコ楽祭・外来】仲良しイヤホン,二人での　本番前の　確認を,嵐の前の　女子二楽坊,ことつく,外来,gairai,,-
im11776549,【東方ニコ楽祭・外来】仲良しイヤホン,重なる度に　高まる鼓動　音の乙女の,マイセット,蛮菓,外来,gairai,,-
im11776549,【東方ニコ楽祭・外来】仲良しイヤホン,同じ音　分かちて聴けば　嬉しくて,心も共に　弾みゆくなり,mixtuti桜餅,外来,gairai,,-
im11776549,【東方ニコ楽祭・外来】仲良しイヤホン,左右から　異なる音を　いだすけど,ふたつでひとつ　いつもいっしょね,あひるはり。,外来,gairai,,-
im11776549,【東方ニコ楽祭・外来】仲良しイヤホン,聞こえるは　流す音楽？　鼓動音？,,和風海苔,外来,gairai,,-
im11776685,【東方ニコ楽祭・外来】『おい誰か教えてやれ』,元手なく　貯まる金なし　呑気巫女,,伊賀高原,外来,gairai,,-
im11776685,【東方ニコ楽祭・外来】『おい誰か教えてやれ』,悲しみの　夢想封印　爆ぜる缶,,詠み人知らず,外来,gairai,,-
im11776685,【東方ニコ楽祭・外来】『おい誰か教えてやれ』,お金を入れないと、そもそも、たまってゆかないのだ。,,詠み人知らず,外来,gairai,,-
im11776685,【東方ニコ楽祭・外来】『おい誰か教えてやれ』,願い込め　素敵な箱と　待ちぼうけ,賽銭箱と　中身は同じ,緋畑代一,外来,gairai,,-
im11776685,【東方ニコ楽祭・外来】『おい誰か教えてやれ』,１０万円　貯まった姿を　想像し,口元緩む　博麗の巫女,茶芭,外来,gairai,,-
im11776685,【東方ニコ楽祭・外来】『おい誰か教えてやれ』,夢見るは　成し遂げたりし　貯金額,だが現実は　貯める金無し,和風海苔,外来,gairai,,-
im11776685,【東方ニコ楽祭・外来】『おい誰か教えてやれ』,「おい霊夢　0にかけても…」　「やかましい！」,飛び交うお札(おふだ)　貯まらぬお札(おさつ),のこののこの,外来,gairai,,-
im11776685,【東方ニコ楽祭・外来】『おい誰か教えてやれ』,金塊の　神を捕らえて　中に入れ,蓋を開けたら　金貨一枚！？,蛮菓,外来,gairai,,-
im11776685,【東方ニコ楽祭・外来】『おい誰か教えてやれ』,貯金箱　貯まるのはただ　期待のみ,,残念,外来,gairai,,-
im11776685,【東方ニコ楽祭・外来】『おい誰か教えてやれ』,てゐいわく　「今ならなんと　5万円！」,利回り100パー　投資詐欺なり,期待値０,外来,gairai,,-
im11776685,【東方ニコ楽祭・外来】『おい誰か教えてやれ』,夢見ても　入れねば増えぬ　貯金箱,期待ばかりが　膨らんでゆく,mixtuti桜餅,外来,gairai,,-
im11776685,【東方ニコ楽祭・外来】『おい誰か教えてやれ』,夢ばかり　膨らむ箱を　眺めつつ,入れぬままでは　貯まらぬものよ,mixtuti桜餅,外来,gairai,,-
im11776685,【東方ニコ楽祭・外来】『おい誰か教えてやれ』,空を飛ぶ巫女がにこにこ貯金箱　器なくして幻想はなし,,あひるはり。,外来,gairai,,-
im11776685,【東方ニコ楽祭・外来】『おい誰か教えてやれ』,たまらんね　妄想ばかりで　貯まらんね,,和風海苔,外来,gairai,,-
im11776703,【東方ニコ楽祭・外来】人類の叡智の賜物,「はいご飯♪」　躁の気持ちで　見えるマガン,,伊賀高原,外来,gairai,,-
im11776703,【東方ニコ楽祭・外来】人類の叡智の賜物,炊飯器　レンジにケトル　何この眼,,詠み人知らず,外来,gairai,,-
im11776703,【東方ニコ楽祭・外来】人類の叡智の賜物,温かい　ご飯で一日　始めるぽ,,緋畑代一,外来,gairai,,-
im11776703,【東方ニコ楽祭・外来】人類の叡智の賜物,手間暇を　かけず仕上がる　朝ごはん,浮いた時間に　ふたりで語らう,茶芭,外来,gairai,,-
im11776703,【東方ニコ楽祭・外来】人類の叡智の賜物,数在りし　家電製品　稼働さす,ユウゲンマガン　一番便利,和風海苔,外来,gairai,,-
im11776703,【東方ニコ楽祭・外来】人類の叡智の賜物,レンジケトル　ミキサートースター　炊飯ジャー,全部ワンオペ　残るは俺だけ,美容室（マツリ）,外来,gairai,,-
im11776703,【東方ニコ楽祭・外来】人類の叡智の賜物,5個限定　お問い合わせは　メルマガで,,のこののこの,外来,gairai,,-
im11776703,【東方ニコ楽祭・外来】人類の叡智の賜物,光熱費　ユウゲンマガンで　タダになる,,残念,外来,gairai,,-
im11776703,【東方ニコ楽祭・外来】人類の叡智の賜物,家電たち　電機流すも　音は出ず,ならば代わりに　楽器の出番？,蛮菓,外来,gairai,,-
im11776703,【東方ニコ楽祭・外来】人類の叡智の賜物,家電みな　ユウゲンマガンで　動きだす,便利の裏の　目まぐるしさよ,mixtuti桜餅,外来,gairai,,-
im11776772,カップヌードル,即席で　易割れしても　麺割るな,,伊賀高原,外来,gairai,,-
im11776772,カップヌードル,作業中　小腹がすいたら　カップ麺,簡単便利で　これに限るわ,茶芭,外来,gairai,,-
im11776772,カップヌードル,湯を注ぎ　3分経過　知らせるは,乗せた易者　二つに割れて,和風海苔,外来,gairai,,-
im11776772,カップヌードル,食べる前　易者は蓋で　温めて,,詠み人知らず,外来,gairai,,-
im11776772,カップヌードル,味で割れ　?の硬さで　また割れて,最後の最後に　割れぬ割り箸,蛮菓,外来,gairai,,-
im11776772,カップヌードル,お疲れさん　ギリギリ脱稿　よく頑張ったな,でも気づいてる？　お湯入れて3日目,美容室（マツリ）,外来,gairai,,-
im11776772,カップヌードル,2分経ち　分割されて　出来上がり,,ことつく,外来,gairai,,-
im11776772,カップヌードル,3分後　易者を割るな　箸を割れ,,のこののこの,外来,gairai,,-
im11776772,カップヌードル,お湯入れて　易者が割れて　完成よ,,残念,外来,gairai,,-
im11776772,カップヌードル,〇清と　河童コラボの　新製品,占い結果は　蓋の裏見て,期待値０,外来,gairai,,-
im11776772,カップヌードル,湯を注ぎ　三分待てば　すぐ出来る,易者割るより　箸から割れよ,mixtuti桜餅,外来,gairai,,-
im11776772,カップヌードル,５個買うと上のおまけがついてくる！　パドッーカヌは　いかがっすかー？,,あひるはり。,外来,gairai,,-
im11776804,【東方ニコ楽祭・外来】DTMで作曲リリカ,ミクさんも　自在に弾く　三女かな,,伊賀高原,外来,gairai,,-
im11776804,【東方ニコ楽祭・外来】DTMで作曲リリカ,データの譜　色んな楽器　奏でては,一人の時も　大コンサート,和風海苔,外来,gairai,,-
im11776804,【東方ニコ楽祭・外来】DTMで作曲リリカ,電奏響　光と波の　久遠記号,弾むリリック　プリズムの川,美容室（マツリ）,外来,gairai,,-
im11776804,【東方ニコ楽祭・外来】DTMで作曲リリカ,幻想の　音と歌姫　交わって,紡ぐ音玉　響け幻奏,詠み人知らず,外来,gairai,,-
im11776804,【東方ニコ楽祭・外来】DTMで作曲リリカ,初動画　頑張り作る　超大作(字余り),,ことつく,外来,gairai,,-
im11776804,【東方ニコ楽祭・外来】DTMで作曲リリカ,おやくそく　やっぱ入れなきゃ！　てててて♪,,のこののこの,外来,gairai,,-
im11776804,【東方ニコ楽祭・外来】DTMで作曲リリカ,私もと　言ってはいるが　いまだ来ず,SABAさん早く　ミクを迎えて,残念,外来,gairai,,-
im11776804,【東方ニコ楽祭・外来】DTMで作曲リリカ,ニコニコと　ハデにいきましょ　お祭りは！！,歌って踊って　さあ大変だ！！,蛮菓,外来,gairai,,-
im11776804,【東方ニコ楽祭・外来】DTMで作曲リリカ,末妹の　代わりにミクを　導入だ,,期待値０,外来,gairai,,-
im11776804,【東方ニコ楽祭・外来】DTMで作曲リリカ,音重ね　思い描いた　曲生まれ,次のライブは　これで決まりね,mixtuti桜餅,外来,gairai,,-
im11776804,【東方ニコ楽祭・外来】DTMで作曲リリカ,打ちとける　にじと未来の　初音色,,あひるはり。,外来,gairai,,-
im11776804,【東方ニコ楽祭・外来】DTMで作曲リリカ,初音ミク　いつかはワシも　マスターに,咲け枯れぬ花　響け枯れぬ声,茶芭,外来,gairai,,-
