im8509846,桜舞い散る夜に【ニコ楽祭・花見】,夜に舞い　亡霊の姫は　立ち舞ふと,花も負けじと　風とささめく,水炬(スイコ),花見,hanami,『桜散る』,-
im8509846,桜舞い散る夜に【ニコ楽祭・花見】,風が撫で　蝶のように　<font color='red'>桜散る</font>,朧(おぼろ)の記憶　浮かんでは消え,瞑想獅子,花見,hanami,『桜散る』,-
im8509846,桜舞い散る夜に【ニコ楽祭・花見】,<font color='red'>桜散る</font>　想い重ねる　過去の生,,伊賀高原,花見,hanami,『桜散る』,-
im8509846,桜舞い散る夜に【ニコ楽祭・花見】,懐かしき　幽けき記憶を　求むれば,境交わり　<font color='red'>桜散る</font>らむ,期待値０,花見,hanami,『桜散る』,-
im8509846,桜舞い散る夜に【ニコ楽祭・花見】,夜風吹き　<font color='red'>桜散る</font>のを　眺め行く,その目に映すは　団子か過去か,陣龍,花見,hanami,『桜散る』,-
im8509846,桜舞い散る夜に【ニコ楽祭・花見】,咲き誇り　生き急ぐかな　流れ<font color='red'>桜</font>,<font color='red'>散る</font>儚さは　美し哀し,茶芭,花見,hanami,『桜散る』,-
im8998327,楽祭ロゴ,東方の　刹那の花を　見祭れば,音も散らさん　ニコ楽祭よ,期待値０,花見,hanami,-,-
im8998327,楽祭ロゴ,楽祭に　皆いざ集え　音詩絵,第二回目は　桜杯ぞ,common-der-k,花見,hanami,-,-
im8998327,楽祭ロゴ,幻想世界の　花見を覗き　集いて笑顔の,花咲かす,茶芭,花見,hanami,-,-
im8509508,夜桜,月明かり　舞う蝶と花　ちらちらと,春の<font color='red'>夜桜</font>　咲き誇りけり,茶芭,花見,hanami,『夜桜』,-
im8509508,夜桜,幽明の　境祓えば　黄泉の国,咎の<font color='red'>夜桜</font>　見渡せば　桜花爛漫　月光蝶舞,期待値０,花見,hanami,『夜桜』,-
im9034188,【東方ニコ楽祭・花見】桜吹雪,ひとひらの　いのちみぢかし　阿礼乙女,来世もまた　<font color='red'>桜散る</font>らむ,水炬(スイコ),花見,hanami,『桜散る』,-
im9034188,【東方ニコ楽祭・花見】桜吹雪,木の花の　咲くや玉の緒　幻想の,<font color='red'>桜散る</font>さま　儚くも　岩の如しと　長く記さん,期待値０,花見,hanami,『桜散る』,-
im9034188,【東方ニコ楽祭・花見】桜吹雪,阿求様　お召し物が　汚れます,<font color='red'>桜散る</font>のも　程ほどに,稗田家使用人,花見,hanami,『桜散る』,-
im9034188,【東方ニコ楽祭・花見】桜吹雪,<font color='red'>桜散る</font>　枝に生(な)る花　知識の弁,風は忘れじ　阿礼は此処に,瞑想獅子,花見,hanami,『桜散る』,-
im9034188,【東方ニコ楽祭・花見】桜吹雪,<font color='red'>桜散る</font>　輝き記す　阿礼乙女,,伊賀高原,花見,hanami,『桜散る』,-
im9034188,【東方ニコ楽祭・花見】桜吹雪,<font color='red'>さくらちる</font>　さもありなんとて　とりとめて,ふうとひといき　つきぬかたらい,詠み人知らず,花見,hanami,『桜散る』,-
im9034188,【東方ニコ楽祭・花見】桜吹雪,咲く<font color='red'>桜　散る</font>がさだめの　春舞台,なれば必死に　咲き誇ろうか,キンジ,花見,hanami,『桜散る』,-
im9034188,【東方ニコ楽祭・花見】桜吹雪,<font color='red'>桜散る</font>　風吹く毎に　いろ変えて,げに爛漫の　乙女が如く,黒金目鯛,花見,hanami,『桜散る』,-
im9034188,【東方ニコ楽祭・花見】桜吹雪,<font color='red'>桜散る</font>　春の色に　墨染めて,書き残す史　幻想の四季,筑前煮,花見,hanami,『桜散る』,-
im9034188,【東方ニコ楽祭・花見】桜吹雪,儚きや　人が重ねし　この歴史,<font color='red'>桜散る</font>度　私が残そう,陣龍,花見,hanami,『桜散る』,-
im9034188,【東方ニコ楽祭・花見】桜吹雪,幻想の　縁起綴りし　儚き娘(こ),<font color='red'>桜散る</font>夜(よ)に　何を思ふか,しなびたこんにゃくん,花見,hanami,『桜散る』,-
im9034188,【東方ニコ楽祭・花見】桜吹雪,御阿礼の子　ならでも一目で　忘れまじ,ひらと<font color='red'>桜散る</font>　美しさは,common-der-k,花見,hanami,『桜散る』,-
im9034188,【東方ニコ楽祭・花見】桜吹雪,うすももに　そまる世界を　かき残す,記憶のかけら　<font color='red'>桜散る</font>春,茶芭,花見,hanami,『桜散る』,-
im9034188,【東方ニコ楽祭・花見】桜吹雪,<font color='red'>桜散る</font>　その色使い　いざ記さん,此度の卯月　花見の宴を,いゆき,花見,hanami,『桜散る』,-
im9034188,【東方ニコ楽祭・花見】桜吹雪,<font color='red'>桜散る</font>　花弁を集めて　墨つくり,ここから記すは　幻想(奏)の春,お賽銭箱,花見,hanami,『桜散る』,-
im9063329,おぼろ月夜の夜桜お燐,花細し（はなぐわし）　地上の雲に　かすみ見る,<font color='red'>朧月</font>夜の　夜桜お燐,期待値０,花見,hanami,『朧月』,-
im9063329,おぼろ月夜の夜桜お燐,ものゆかし　<font color='red'>おぼろ月</font>夜に　花のくも,そぞろ歩きも　またこころよし,水炬(スイコ),花見,hanami,『朧月』,-
im9063329,おぼろ月夜の夜桜お燐,死霊連れ　<font color='red'>朧月</font>夜に　花見ツアー,,筑前煮,花見,hanami,『朧月』,-
im9063329,おぼろ月夜の夜桜お燐,<font color='red'>朧月</font>　死臭を求め　至る場所,怨霊は踊る　彷徨う花と,瞑想獅子,花見,hanami,『朧月』,-
im9063329,おぼろ月夜の夜桜お燐,<font color='red'>朧月</font>　桜と猫に　曇り無し,,伊賀高原,花見,hanami,『朧月』,-
im9063329,おぼろ月夜の夜桜お燐,夜道行く　死霊引き連れ　黒猫が,桜の風に　そよぐ<font color='red'>朧月</font>,陣龍,花見,hanami,『朧月』,-
im9063329,おぼろ月夜の夜桜お燐,ひたすらに　尊し愛し(うつくし)　笑みこぼる,<font color='red'>おぼろ月</font>夜に　夜桜お燐,茶芭,花見,hanami,『朧月』,-
im9063329,おぼろ月夜の夜桜お燐,夜桜に　降りんと一つ　<font color='red'>朧月</font>,昇る死霊と　お燐が一人,ラウ,花見,hanami,『朧月』,-
im9063329,おぼろ月夜の夜桜お燐,<font color='red'>朧月</font>　黒猫の笑顔　桜色,,いゆき,花見,hanami,『朧月』,-
im9063329,おぼろ月夜の夜桜お燐,花見には　地下も地上も　在りはせぬ,<font color='red'>朧月</font>を背に　ただ楽しむのみ,お賽銭箱,花見,hanami,『朧月』,-
im9063551,桜舞う【東方ニコ楽祭・花見】,<font color='purple'>花見あげ　笑顔咲かせる　人妖や,永遠に浮かぶる　幼月　刹那散り行く　春宵桜,期待値０,花見,hanami,-,A:花見あげ 笑顔咲かせる 人妖や<br>B:月明り 照らす笑顔と 桜かな
im9063551,桜舞う【東方ニコ楽祭・花見】,<font color='purple'>月明り　照らす笑顔と　桜かな,花明り照らす　妖怪神社,期待値０,花見,hanami,-,A:花見あげ 笑顔咲かせる 人妖や<br>B:月明り 照らす笑顔と 桜かな
im9063551,桜舞う【東方ニコ楽祭・花見】,<font color='purple'>花見あげ　笑顔咲かせる　人妖や,永に事無しと　祈るばかりよ,水炬(スイコ),花見,hanami,-,A:花見あげ 笑顔咲かせる 人妖や<br>B:月明り 照らす笑顔と 桜かな
im9063551,桜舞う【東方ニコ楽祭・花見】,<font color='purple'>月明り　照らす笑顔と　桜かな,かしづきてなほ　つつがなかれと,水炬(スイコ),花見,hanami,-,A:花見あげ 笑顔咲かせる 人妖や<br>B:月明り 照らす笑顔と 桜かな
im9063551,桜舞う【東方ニコ楽祭・花見】,子子しかる　ちごの笑顔は　あやかしや,そのしこなしは　人とかはらじ,水炬(スイコ),花見,hanami,-,A:花見あげ 笑顔咲かせる 人妖や<br>B:月明り 照らす笑顔と 桜かな
im9063551,桜舞う【東方ニコ楽祭・花見】,月の下　蓬莱の地を　築かんと,,筑前煮,花見,hanami,-,A:花見あげ 笑顔咲かせる 人妖や<br>B:月明り 照らす笑顔と 桜かな
im9063551,桜舞う【東方ニコ楽祭・花見】,幻想の　儚き知りて　また思ふ,,筑前煮,花見,hanami,-,A:花見あげ 笑顔咲かせる 人妖や<br>B:月明り 照らす笑顔と 桜かな
im9063551,桜舞う【東方ニコ楽祭・花見】,季節は一年　また咲きて散る,,瞑想獅子,花見,hanami,-,A:花見あげ 笑顔咲かせる 人妖や<br>B:月明り 照らす笑顔と 桜かな
im9063551,桜舞う【東方ニコ楽祭・花見】,命を数え　花萌え盛る,,瞑想獅子,花見,hanami,-,A:花見あげ 笑顔咲かせる 人妖や<br>B:月明り 照らす笑顔と 桜かな
im9063551,桜舞う【東方ニコ楽祭・花見】,<font color='purple'>花見あげ　笑顔咲かせる　人妖や,風情の心に　分かつ壁なし,伊賀高原,花見,hanami,-,A:花見あげ 笑顔咲かせる 人妖や<br>B:月明り 照らす笑顔と 桜かな
im9063551,桜舞う【東方ニコ楽祭・花見】,<font color='purple'>月明り　照らす笑顔と　桜かな,桜散れども　絆は散らず,伊賀高原,花見,hanami,-,A:花見あげ 笑顔咲かせる 人妖や<br>B:月明り 照らす笑顔と 桜かな
im9063551,桜舞う【東方ニコ楽祭・花見】,<font color='purple'>花見あげ　笑顔咲かせる　人妖や,種族の壁など　些細な物なり,陣龍,花見,hanami,-,A:花見あげ 笑顔咲かせる 人妖や<br>B:月明り 照らす笑顔と 桜かな
im9063551,桜舞う【東方ニコ楽祭・花見】,<font color='purple'>月明り　照らす笑顔と　桜かな,そこかしこに咲く　幸せの時,陣龍,花見,hanami,-,A:花見あげ 笑顔咲かせる 人妖や<br>B:月明り 照らす笑顔と 桜かな
im9063551,桜舞う【東方ニコ楽祭・花見】,<font color='purple'>花見あげ　笑顔咲かせる　人妖や,繋いだ手と手　伝わる温もり,茶芭,花見,hanami,-,A:花見あげ 笑顔咲かせる 人妖や<br>B:月明り 照らす笑顔と 桜かな
im9063551,桜舞う【東方ニコ楽祭・花見】,<font color='purple'>月明り　照らす笑顔と　桜かな,薄桃色に　染まる世界,茶芭,花見,hanami,-,A:花見あげ 笑顔咲かせる 人妖や<br>B:月明り 照らす笑顔と 桜かな
im9063718,【東方ニコ楽祭・花見】花よりいたずら！,空泳ぐ　妖精達の　<font color='red'>いたずら</font>も,花見賑わす　<font color='red'>春</font>の肴かな,筑前煮,花見,hanami,『いたずら』『春』,-
im9063718,【東方ニコ楽祭・花見】花よりいたずら！,妖精は　<font color='red'>春</font>のうららに　誘われ,尽くし只管に　あそび尽くして,水炬(スイコ),花見,hanami,『いたずら』『春』,-
im9063718,【東方ニコ楽祭・花見】花よりいたずら！,徒に　過ぎ行く<font color='red'>春</font>を　憂うより,命をかけて　<font color='red'>いたずら</font>咲かせ,期待値０,花見,hanami,『いたずら』『春』,-
im9063718,【東方ニコ楽祭・花見】花よりいたずら！,境内に　妖精羽ばたき　集う音,<font color='red'>いたずら</font>賑わい　淹れた茶は冷え,瞑想獅子,花見,hanami,『いたずら』『春』,-
im9063718,【東方ニコ楽祭・花見】花よりいたずら！,<font color='red'>いたずら</font>に　<font color='red'>春</font>を過ぐ子も　また楽し,,伊賀高原,花見,hanami,『いたずら』『春』,-
im9063718,【東方ニコ楽祭・花見】花よりいたずら！,妖精は　季節外れの　<font color='red'>春</font>一番,<font color='red'>いたずら</font>に花　散らしてくれるな,common-der-k,花見,hanami,『いたずら』『春』,-
im9063718,【東方ニコ楽祭・花見】花よりいたずら！,<font color='red'>いたずら</font>に　命かけるよ　よし今だ！,,くま,花見,hanami,『いたずら』『春』,-
im9063718,【東方ニコ楽祭・花見】花よりいたずら！,うらうらと　<font color='red'>春</font>めく陽気に　誘われて,全員集合　<font color='red'>いたずら</font>日和,茶芭,花見,hanami,『いたずら』『春』,-
im9063718,【東方ニコ楽祭・花見】花よりいたずら！,<font color='red'>春</font>きたる　浮かれ妖精　共に来る,騒がしたるや　新年度かな,ラウ,花見,hanami,『いたずら』『春』,-
im9063718,【東方ニコ楽祭・花見】花よりいたずら！,<font color='red'>いたずら</font>で　そら出てくるぞ　鬼巫女が,,いゆき,花見,hanami,『いたずら』『春』,-
im9064421,ひらり,ゆかれいむ　ゆかゆかれいむ　ゆかれいむ,,ゆかれいむ普及委員会,花見,hanami,-,-
im9064421,ひらり,春風の　導くままに　揺蕩えば,惹き逢う二人　境界の縁,筑前煮,花見,hanami,-,-
im9064421,ひらり,舞い降りる　二色の蝶を　あいしらい,春風注ぐ　雲海桜,期待値０,花見,hanami,-,-
im9064421,ひらり,あさがすみ　はるひの空に　咲きわたれ,二色のてふは　風のまにまに,水炬(スイコ),花見,hanami,-,-
im9064421,ひらり,春風に　揺られ漂う　その先は,八雲の花と　薄紅の海,キンジ,花見,hanami,-,-
im9064421,ひらり,花が舞い　ふわりひらりと　抜けていく,ふいに引き寄せ　不安の眼差し,瞑想獅子,花見,hanami,-,-
im9064421,ひらり,幻想の　儚き君の　掌に,触れて乱れる　桜吹雪,はっちぼっち,花見,hanami,-,-
im9064421,ひらり,幻想の　桜と共に　吹く二人,,伊賀高原,花見,hanami,-,-
im9064421,ひらり,満開の　桜の風の　華の波,かき分け結ぶ　笑顔の二人,陣龍,花見,hanami,-,-
im9064421,ひらり,差し出した　右手にひとつ　花おちて,君よ飛びいそ　皆吹雪いても,和土,花見,hanami,-,-
im9064421,ひらり,風吹けど　その手を別つ　ことなかれ,二人のスキマ　春ぞ吹きける,ラウ,花見,hanami,-,-
im9064421,ひらり,手をとりて　ふたりで見おろす　花霞,頬を撫でる　春風ぞ吹く,茶芭,花見,hanami,-,-
im9064421,ひらり,乙女らの　巡り逢う様　うつくしく,舞う花たちと　澄み渡る空,水鐘,花見,hanami,-,-
im9064421,ひらり,春が来て　寝ぼけまなこに　差し出す手,宴の時刻と　ひらり舞う巫女,いゆき,花見,hanami,-,-
im9064421,ひらり,人妖と　春色小径　共に行く,境界守りし　永遠の巫女,しなびたこんにゃくん,花見,hanami,-,-
im9065872,優雅に,あさごろも　清幽なりし　春霞,頬染める色に　あうは桜か,詠み人知らず,花見,hanami,『微笑み』,-
im9065872,優雅に,西行の　妖し<font color='red'>微笑み</font>　誘われ,冥き幽けき　桜の下へ,期待値０,花見,hanami,『微笑み』,-
im9065872,優雅に,<font color='red'>微笑</font>を　零す数だけ　咲き誇る,花の盛りに　恋を認む,詠み人知らず,花見,hanami,『微笑み』,-
im9065872,優雅に,久方の　光り輝く　花のくも,<font color='red'>微笑み</font>もまた　花に劣らじ,水炬(スイコ),花見,hanami,『微笑み』,-
im9065872,優雅に,幽雅なる　アゲハ舞い飛ぶ　亡我の地,<font color='red'>微笑み</font>咲かす　西行桜,筑前煮,花見,hanami,『微笑み』,-
im9065872,優雅に,西妖集　黄泉人不死（よみびとしなず）,,詠み人知らず,花見,hanami,『微笑み』,-
im9065872,優雅に,<font color='red'>微笑み</font>に　春風そよぎ　光散り,忘我へ誘う　眩い亡霊,瞑想獅子,花見,hanami,『微笑み』,-
im9065872,優雅に,<font color='red'>微笑み</font>に　見惚れて咲きし　恋桜,,伊賀高原,花見,hanami,『微笑み』,-
im9065872,優雅に,咲き誇り　散る桜見し　亡霊姫,<font color='red'>微笑み</font>振り向く　『綺麗ね、妖夢』,陣龍,花見,hanami,『微笑み』,-
im9065872,優雅に,春風が　花を散らすと　吹くさまを,ただ<font color='red'>微笑み</font>て　騒ぐでもなし,茶芭,花見,hanami,『微笑み』,-
im9065872,優雅に,(　・`д・´)キリッとし　<font color='red'>微笑み</font>かける,幽々子様　次こそ桜　咲かせてみせる！,ラウ,花見,hanami,『微笑み』,-
im9065872,優雅に,<font color='red'>微笑み</font>に　桜吹雪も　霞むかな,,いゆき,花見,hanami,『微笑み』,-
im9065872,優雅に,<font color='red'>微笑み</font>に　数多の思いを　乗せながら,優雅に咲かせ、墨染の桜,なちょ,花見,hanami,『微笑み』,-
im9066888,【東方ニコ楽祭・花見】獨りの花見,花を見て　今か今かと　待ちわびて,<font color='red'>ひとり</font>酒飲む　博麗の巫女,水炬(スイコ),花見,hanami,『独り』『花びら』,-
im9066888,【東方ニコ楽祭・花見】獨りの花見,風吹いて　<font color='red'>花びら</font>の舞う　縁側に,<font color='red'>独り</font>友待つ　二色の蝶よ,キンジ,花見,hanami,『独り』『花びら』,-
im9066888,【東方ニコ楽祭・花見】獨りの花見,<font color='red'>独り</font>酒　杯積もる　花時計,,筑前煮,花見,hanami,『独り』『花びら』,-
im9066888,【東方ニコ楽祭・花見】獨りの花見,縁側に　<font color='red'>独り</font>侘びしと　花見上げ,置いた杯　<font color='red'>花びら</font>独つ,期待値０,花見,hanami,『独り』『花びら』,-
im9066888,【東方ニコ楽祭・花見】獨りの花見,<font color='red'>独り</font>ごと　突いて出はせど　名前伏せ,<font color='red'>花びら</font>見つめ　日常を欲す,瞑想獅子,花見,hanami,『独り』『花びら』,-
im9066888,【東方ニコ楽祭・花見】獨りの花見,<font color='red'>花びら</font>と　恋し君待つ　春の下,,伊賀高原,花見,hanami,『独り』『花びら』,-
im9066888,【東方ニコ楽祭・花見】獨りの花見,ひらひらと　桜舞い散る　<font color='red'>花びら</font>を,眺め酒呑む　スキマの乙女と,陣龍,花見,hanami,『独り』『花びら』,-
im9066888,【東方ニコ楽祭・花見】獨りの花見,共に待つ　桜は〝待てぬ〟と　散りはじめ,<font color='red'>独り</font>待つ酒　揺蕩う<font color='red'>花びら</font>,茶芭,花見,hanami,『独り』『花びら』,-
im9066888,【東方ニコ楽祭・花見】獨りの花見,<font color='red'>花びら</font>の　酒を飲ますか　<font color='red'>独り</font>ごち,待ちぼうけたる　永遠飲み子,ラウ,花見,hanami,『独り』『花びら』,-
im9066888,【東方ニコ楽祭・花見】獨りの花見,あら起きた？　<font color='red'>花びら</font>つけた　お寝坊さん,<font color='red'>独り</font>はイヤよ　早く来なさい,髪結,花見,hanami,『独り』『花びら』,-
im9066888,【東方ニコ楽祭・花見】獨りの花見,ねえアナタ　<font color='red'>独り</font>占め待つ　幼気（いたいけ）な,花の盛りを　ご存知かしら？,昼行灯,花見,hanami,『独り』『花びら』,-
im9066888,【東方ニコ楽祭・花見】獨りの花見,<font color='red'>独り</font>でも　君を待たなむ　<font color='red'>花びら</font>の,落ち盃の　内の満つまで,水鐘,花見,hanami,『独り』『花びら』,-
im9066984,花の咲か月大江山,月のもと　<font color='red'>花の盃</font>　掲げては,大江の鬼は　人を待つらむ,水炬(スイコ),花見,hanami,『花の盃』,-
im9066984,花の咲か月大江山,あの遠き　<font color='red'>花の盃</font>　大江山,宵語られる　鬼のおもひで,筑前煮,花見,hanami,『花の盃』,-
im9066984,花の咲か月大江山,石瓦　さも大江山かと　佇んで,<font color='red'>花の盃</font>　逆月の鬼,瞑想獅子,花見,hanami,『花の盃』,-
im9066984,花の咲か月大江山,野干玉の　夜を仰げば　遠き月,花と咲かせよ　酒尽きるとも,他人事主,花見,hanami,『花の盃』,-
im9066984,花の咲か月大江山,春の月　照らし輝く　鬼の女(め)と,朝まで交わす　<font color='red'>花の盃</font>,伊賀高原,花見,hanami,『花の盃』,-
im9066984,花の咲か月大江山,遠き日の　<font color='red'>花の盃</font>　大江山,栄華離れど　永く語られ,期待値０,花見,hanami,『花の盃』,-
im9066984,花の咲か月大江山,桜色　見下ろす宴　吹く<font color='red'>花の</font>,<font color='red'>杯</font>掲げ　群れず呑みける,ラウ,花見,hanami,『花の盃』,-
im9066984,花の咲か月大江山,<font color='red'>花の盃</font>　呷り飲み干し　見下ろす街並み,あいつ見っけ♪,茶芭,花見,hanami,『花の盃』,-
im9066984,花の咲か月大江山,鬼誘う　<font color='red'>花のさかづき</font>　飲み比べ,,いゆき,花見,hanami,『花の盃』,-
im9066984,花の咲か月大江山,月下にて　<font color='red'>花の盃</font>　酌み交わす,次の朝まで　終わらぬ宴,しなびたこんにゃくん,花見,hanami,『花の盃』,-
im9067861,あなたに,稚く　見する笑顔で　<font color='red'>あなたに</font>と,<font color='red'>桜</font>のかけらを　捧ぐ妹,水炬(スイコ),花見,hanami,『桜』『あなたに』,-
im9067861,あなたに,幼手（おさなで）に　春の便りを　抱えくる,君の笑顔も　また<font color='red'>桜</font>色,キンジ,花見,hanami,『桜』『あなたに』,-
im9067861,あなたに,うす紅も　<font color='red'>さくらさくら</font>に　こいばかり,かごめかごめに　染まる紅色,(rysis,花見,hanami,『桜』『あなたに』,-
im9067861,あなたに,<font color='red'>桜</font>より　なお鮮やかな　緋の君,,筑前煮,花見,hanami,『桜』『あなたに』,-
im9067861,あなたに,禁忌なる　小さき手にぞ　零れたる,<font color='red'>桜</font>花びら　<font color='red'>あなたに</font>捧ぐ,期待値０,花見,hanami,『桜』『あなたに』,-
im9067861,あなたに,指重ね　盛った<font color='red'>桜</font>で　染まる色,<font color='red'>あなたに</font>移った　頬の紅色,瞑想獅子,花見,hanami,『桜』『あなたに』,-
im9067861,あなたに,貴方へと　優しく渡す　紅<font color='red'>桜</font>,,伊賀高原,花見,hanami,『桜』『あなたに』,-
im9067861,あなたに,万物を　壊す私の　手の中に,積りし<font color='red'>桜　貴方</font>への恋,陣龍,花見,hanami,『桜』『あなたに』,-
im9067861,あなたに,頑張って　集めてみたの　この<font color='red'>桜</font>,微笑み添える　そっと<font color='red'>あなたに</font>,ラウ,花見,hanami,『桜』『あなたに』,-
im9067861,あなたに,あなたへと　あつめた<font color='red'>桜</font>　ほほえみ返し,こぼれるほどの　しあわせの日々,茶芭,花見,hanami,『桜』『あなたに』,-
im9067861,あなたに,<font color='red'>貴女に</font>と　手を取り花を　差し渡す,五色の羽に　<font color='red'>桜</font>の色を,いゆき,花見,hanami,『桜』『あなたに』,-
im9069909,春眠暁を覚えず,外で寝て　起きたら虫が　こんにちは,,詠み人知らず,花見,hanami,『春』『桜』,-
im9069909,春眠暁を覚えず,<font color='red'>春</font>さとり　偶の地上は　夢現,,筑前煮,花見,hanami,『春』『桜』,-
im9069909,春眠暁を覚えず,<font color='red'>春</font>うらら　燐と感ずる　<font color='red'>春</font>の音よ,,くま,花見,hanami,『春』『桜』,-
im9069909,春眠暁を覚えず,久方の　空を眺めて　<font color='red'>春</font>陽気,<font color='red'>桜</font>花愛でたし　しばし微睡み,期待値０,花見,hanami,『春』『桜』,-
im9069909,春眠暁を覚えず,<font color='red'>春</font>匂う　雑念薄く　穏やかに,悟れず寝付く　屋根付く<font color='red'>桜</font>花,瞑想獅子,花見,hanami,『春』『桜』,-
im9069909,春眠暁を覚えず,まどろみに　三の目閉じる　<font color='red'>春</font>うらら,,伊賀高原,花見,hanami,『春』『桜』,-
im9069909,春眠暁を覚えず,目を閉じて　閉じても見える　うすべにの,花の香と　ささやきを聞く,和土,花見,hanami,『春』『桜』,-
im9069909,春眠暁を覚えず,<font color='red'>春</font>の日は　寝ころびたや　屋根の上,瞼はあかず　心はいづれ,common-der-k,花見,hanami,『春』『桜』,-
im9069909,春眠暁を覚えず,<font color='red'>春</font>風や　心感じる　水の上,,マジさく,花見,hanami,『春』『桜』,-
im9069909,春眠暁を覚えず,うすももに　染まる世界に　<font color='red'>春</font>うらら,心たゆたい　しばしまどろむ,茶芭,花見,hanami,『春』『桜』,-
im9069909,春眠暁を覚えず,<font color='red'>春</font>を聴く　優しい嘘で　紡がれた,色取り取りの　好きのカタチを,初春令月,花見,hanami,『春』『桜』,-
im9069909,春眠暁を覚えず,うららかな　うたのうたげに　うれいなく,うつらうつらと　うたたねのうた,氣淑風和,花見,hanami,『春』『桜』,-
im9069909,春眠暁を覚えず,うたた寝の　夢路に香る　<font color='red'>春</font>風よ,恋しき人の　胸に届けて,水鐘,花見,hanami,『春』『桜』,-
im9069909,春眠暁を覚えず,ひさかたに　ひかり求めて　<font color='red'>春</font>の空,はるのうららに　うつらうつらと,いゆき,花見,hanami,『春』『桜』,-
im9069909,春眠暁を覚えず,うららかな　<font color='red'>春</font>の陽気に　誘われて,うつらうつらと　舟を漕ぐ君,キンジ,花見,hanami,『春』『桜』,-
im9071322,【東方ニコ楽祭・花見】お届け物です,我が剣技　鋩届けと　遠き空,いずこに御座すか　師へ届けと,水炬(スイコ),花見,hanami,『届け物』,春風に 桜色舞う 『庭師』の技
im9071322,【東方ニコ楽祭・花見】お届け物です,<font color='red'>届け物</font>　心映すと　戸惑いて,迎えし春は　晴れた心で,瞑想獅子,花見,hanami,『届け物』,春風に 桜色舞う 『庭師』の技
im9071322,【東方ニコ楽祭・花見】お届け物です,春の庭　桜の霊の　<font color='red'>届け物</font>,,伊賀高原,花見,hanami,『届け物』,春風に 桜色舞う 『庭師』の技
im9071322,【東方ニコ楽祭・花見】お届け物です,<font color='purple'>春風に　桜色舞う　『庭師』の技,我が家に着きし　幻想の景,伊賀高原,花見,hanami,『届け物』,春風に 桜色舞う 『庭師』の技
im9071322,【東方ニコ楽祭・花見】お届け物です,<font color='purple'>春風に　桜色舞う　『庭師』の技,一足早く　旬の<font color='red'>届け物</font>,期待値０,花見,hanami,『届け物』,春風に 桜色舞う 『庭師』の技
im9071322,【東方ニコ楽祭・花見】お届け物です,また一年　巡る季節の　<font color='red'>届け物</font>,春の訪れ　咲く夢見草,茶芭,花見,hanami,『届け物』,春風に 桜色舞う 『庭師』の技
im9071322,【東方ニコ楽祭・花見】お届け物です,<font color='purple'>春風に　桜色舞う　『庭師』の技,あわせて磨く　己のこころ,茶芭,花見,hanami,『届け物』,春風に 桜色舞う 『庭師』の技
im9071322,【東方ニコ楽祭・花見】お届け物です,<font color='purple'>春風に　桜色舞う　『庭師』の技,お<font color='red'>届け物</font>を　超!エキサイティン!!,ラウ,花見,hanami,『届け物』,春風に 桜色舞う 『庭師』の技
im9071322,【東方ニコ楽祭・花見】お届け物です,相手の境内に　シュゥゥゥゥゥゥゥーーッ！,,瞑想獅子,花見,hanami,『届け物』,春風に 桜色舞う 『庭師』の技
im9071322,【東方ニコ楽祭・花見】お届け物です,冥界の　庭にも春の　<font color='red'>届け物</font>,めぐる季節を　知らす桜か,キンジ,花見,hanami,『届け物』,春風に 桜色舞う 『庭師』の技
im9071322,【東方ニコ楽祭・花見】お届け物です,<font color='purple'>春風に　桜色舞う　『庭師』の技,技を彩る　大輪の花,キンジ,花見,hanami,『届け物』,春風に 桜色舞う 『庭師』の技
im9071322,【東方ニコ楽祭・花見】お届け物です,<font color='purple'>春風に　桜色舞う　『庭師』の技,舞いに見惚れて　奥義は見えず,いゆき,花見,hanami,『届け物』,春風に 桜色舞う 『庭師』の技
im9071324,【東方ニコ楽祭・花見】頂き物です,過ぎる春　<font color='red'>頂き物</font>は　崩れゆく,変わらぬ物は　形無きまま,瞑想獅子,花見,hanami,『頂き物』,花弁開き 想い起こすは あの出会い
im9071324,【東方ニコ楽祭・花見】頂き物です,寅の庭　<font color='red'>頂き物</font>は　春の風,花一片も　財宝に見ゆ,伊賀高原,花見,hanami,『頂き物』,花弁開き 想い起こすは あの出会い
im9071324,【東方ニコ楽祭・花見】頂き物です,<font color='purple'>花弁開き　想い起こすは　あの出会い,我が雪解ける　宝の記憶,詠み人知らず,花見,hanami,『頂き物』,花弁開き 想い起こすは あの出会い
im9071324,【東方ニコ楽祭・花見】頂き物です,<font color='purple'>花弁開き　想い起こすは　あの出会い,斯くも小粋な　お裾分け　<font color='red'>頂き物</font>と　忘れ物なり,期待値０,花見,hanami,『頂き物』,花弁開き 想い起こすは あの出会い
im9071324,【東方ニコ楽祭・花見】頂き物です,鳴り止まぬ部下　ご主人に　目線合わせば,声鳴りやみぬ,瞑想獅子,花見,hanami,『頂き物』,花弁開き 想い起こすは あの出会い
im9071324,【東方ニコ楽祭・花見】頂き物です,賜りし　御仏の力を　民草へ,情けは帰りて　心は満ちたり,水炬(スイコ),花見,hanami,『頂き物』,花弁開き 想い起こすは あの出会い
im9071324,【東方ニコ楽祭・花見】頂き物です,春の世の　うらうらやかな　風とにほひ,これらもすべて　天からの<font color='red'>頂き物</font>,茶芭,花見,hanami,『頂き物』,花弁開き 想い起こすは あの出会い
im9071324,【東方ニコ楽祭・花見】頂き物です,<font color='purple'>花弁開き　想い起こすは　あの出会い,頂いたご縁　重ねる感謝,茶芭,花見,hanami,『頂き物』,花弁開き 想い起こすは あの出会い
im9071324,【東方ニコ楽祭・花見】頂き物です,<font color='purple'>花弁開き　想い起こすは　あの出会い,春風そよぐ　華の香の下,いゆき,花見,hanami,『頂き物』,花弁開き 想い起こすは あの出会い
im9071508,桜舞い,桜舞う　月夜に煌めく　我が剣技,これが私の　桜花閃々,水炬(スイコ),花見,hanami,『桜舞い』,-
im9071508,桜舞い,<font color='red'>桜舞い</font>　靄(もや)が生み出す　月の虚像,空を斬りて　時を斬る真似,瞑想獅子,花見,hanami,『桜舞い』,-
im9071508,桜舞い,桜風　佇む剣士の　双刀に,踊る花弁　斬られし夜空,陣龍,花見,hanami,『桜舞い』,-
im9071508,桜舞い,月斬りて　時過ぐ先に　桜舞う,,伊賀高原,花見,hanami,『桜舞い』,-
im9071508,桜舞い,春集め　<font color='red'>桜舞い</font>散る　黄泉の国,月下夜空を　別つ一閃,期待値０,花見,hanami,『桜舞い』,-
im9071508,桜舞い,あと少し　春を求めて　剣を振る,桜舞う中　一人佇む,ラウ,花見,hanami,『桜舞い』,-
im9071508,桜舞い,夜桜を　横に弛まぬ　鍛と錬,桜の姫に　剣捧ぐ身は,いゆき,花見,hanami,『桜舞い』,-
im9071508,桜舞い,幽明の　境を分かつは　その刃,見ゆる月ふたつ　<font color='red'>桜舞い</font>散る,茶芭,花見,hanami,『桜舞い』,-
im9071723,【東方ニコ楽祭・花見】幻想郷で唯一枯れない花,いつの日か　<font color='red'>枯れない花</font>は　私だけ,また見届ける　散り行く皆を,しなびたこんにゃくん,花見,hanami,『枯れない花』,名無き花　見つめ微笑む　強きもの
im9071723,【東方ニコ楽祭・花見】幻想郷で唯一枯れない花,春花の　移り変わりを　見守るは,斯くも儚き　<font color='red'>枯れない花</font>よ,期待値０,花見,hanami,『枯れない花』,名無き花　見つめ微笑む　強きもの
im9071723,【東方ニコ楽祭・花見】幻想郷で唯一枯れない花,<font color='purple'>名無き花　見つめ微笑む　強きもの,移ろう季節と　散る花に　涙流すも　強きものなり,期待値０,花見,hanami,『枯れない花』,名無き花　見つめ微笑む　強きもの
im9071723,【東方ニコ楽祭・花見】幻想郷で唯一枯れない花,陽の下で　<font color='red'>枯れない花</font>を　愛おしむ,いつか想起す　追想の愛,瞑想獅子,花見,hanami,『枯れない花』,名無き花　見つめ微笑む　強きもの
im9071723,【東方ニコ楽祭・花見】幻想郷で唯一枯れない花,春の野に　季節の花が　また一輪,ただ見守るか　<font color='red'>枯れない花</font>よ,伊賀高原,花見,hanami,『枯れない花』,名無き花　見つめ微笑む　強きもの
im9071723,【東方ニコ楽祭・花見】幻想郷で唯一枯れない花,<font color='purple'>名無き花　見つめ微笑む　強きもの,その美々しさを　比ぶ事無し,伊賀高原,花見,hanami,『枯れない花』,名無き花　見つめ微笑む　強きもの
im9071723,【東方ニコ楽祭・花見】幻想郷で唯一枯れない花,<font color='purple'>名無き花　見つめ微笑む　強きもの,追想の愛を　凌ぎ行かんと,水炬(スイコ),花見,hanami,『枯れない花』,名無き花　見つめ微笑む　強きもの
im9071723,【東方ニコ楽祭・花見】幻想郷で唯一枯れない花,陽が差して　<font color='red'>枯れない花</font>を　咲かせしは,四季愛でる陽　開花の風見,筑前煮,花見,hanami,『枯れない花』,名無き花　見つめ微笑む　強きもの
im9071723,【東方ニコ楽祭・花見】幻想郷で唯一枯れない花,<font color='purple'>名無き花　見つめ微笑む　強きもの,そは一輪の 春の向日葵,いゆき,花見,hanami,『枯れない花』,名無き花　見つめ微笑む　強きもの
im9071723,【東方ニコ楽祭・花見】幻想郷で唯一枯れない花,雪解けて　季節は巡り　花咲かす,<font color='red'>枯れない花</font>は　心に根付けど,茶芭,花見,hanami,『枯れない花』,名無き花　見つめ微笑む　強きもの
im9071723,【東方ニコ楽祭・花見】幻想郷で唯一枯れない花,<font color='purple'>名無き花　見つめ微笑む　強きもの,願い呼びかける 強く咲き誇れと,茶芭,花見,hanami,『枯れない花』,名無き花　見つめ微笑む　強きもの
im9071723,【東方ニコ楽祭・花見】幻想郷で唯一枯れない花,<font color='purple'>願い呼びかける　強く咲き誇れと,過ぎ行く春の 記憶は此処に,しなびたこんにゃくん,花見,hanami,『枯れない花』,名無き花　見つめ微笑む　強きもの
im9071860,「東方ニコ楽祭・花見」花より酒,願わくは　花の下にて　<font color='red'>酔い</font>潰れ,華胥の夢見る　胡蝶の如し,期待値０,花見,hanami,『酔い』,-
im9071860,「東方ニコ楽祭・花見」花より酒,良い宵で　いよいよ<font color='red'>酔い</font>て　「よいよい」と,,瞑想獅子,花見,hanami,『酔い』,-
im9071860,「東方ニコ楽祭・花見」花より酒,酒<font color='red'>酔い</font>に　桜の下の　夢を見る,,伊賀高原,花見,hanami,『酔い』,-
im9071860,「東方ニコ楽祭・花見」花より酒,酒に<font color='red'>酔い</font>　舞い散る花に　<font color='red'>酔い</font>しれて,まどろみ見るは　あの日の夢か,キンジ,花見,hanami,『酔い』,-
im9071860,「東方ニコ楽祭・花見」花より酒,<font color='red'>ゑひ</font>ながら　思ひ起こすは　華胥の夢,あくがれ出づる　ゑへばゑふほど,水炬(スイコ),花見,hanami,『酔い』,-
im9071860,「東方ニコ楽祭・花見」花より酒,桜見て　良い<font color='red'>酔い</font>時を　夢心地,,ラウ,花見,hanami,『酔い』,-
im9071860,「東方ニコ楽祭・花見」花より酒,<font color='red'>酔い</font>まわり　華の全霊　迎え待つ,遠くに聞こえる　半霊の声,いゆき,花見,hanami,『酔い』,-
im9071860,「東方ニコ楽祭・花見」花より酒,一人<font color='red'>酔い</font>　夢想するも　愉快だが,明日はともと　酌み交わそうか,お賽銭箱,花見,hanami,『酔い』,-
im9071860,「東方ニコ楽祭・花見」花より酒,春の日に　<font color='red'>酔い</font>てまどろむ　花の下,,茶芭,花見,hanami,『酔い』,-
im9074470,【東方ニコ楽祭・花見】図書館の桜前線,幾年と　変わらぬ部屋に　訪れた,春の<font color='red'>報せ花</font>　主も微笑み,陣龍,花見,hanami,『報せ花』,-
im9074470,【東方ニコ楽祭・花見】図書館の桜前線,観葉と　休憩促す　<font color='red'>報せ花</font>,瓶に活けるは　うん蓄の華,瞑想獅子,花見,hanami,『報せ花』,-
im9074470,【東方ニコ楽祭・花見】図書館の桜前線,密室の　春の訪れ　<font color='red'>報せ花</font>,日陰を照らす　従者の気遣い,期待値０,花見,hanami,『報せ花』,-
im9074470,【東方ニコ楽祭・花見】図書館の桜前線,書の海に　春風運ぶ　<font color='red'>報せ花</font>,,伊賀高原,花見,hanami,『報せ花』,-
im9074470,【東方ニコ楽祭・花見】図書館の桜前線,無季なる地　四季片開く　<font color='red'>報せ花</font>,,筑前煮,花見,hanami,『報せ花』,-
im9074470,【東方ニコ楽祭・花見】図書館の桜前線,聞し召せ　聞こえ知らせむ　花の枝,清明の日は　もう間近し,水炬(スイコ),花見,hanami,『報せ花』,-
im9074470,【東方ニコ楽祭・花見】図書館の桜前線,<font color='red'>報せ花</font>　優しい君と　春の足音,,はっちぼっち,花見,hanami,『報せ花』,-
im9074470,【東方ニコ楽祭・花見】図書館の桜前線,どうしたの？　問う呼びかけも　愉しげに,歌う調の　嗚呼<font color='red'>報せ花</font>,金華糖,花見,hanami,『報せ花』,-
im9074470,【東方ニコ楽祭・花見】図書館の桜前線,<font color='red'>報せ花</font>　幸福共に　連れてくる,その微笑みは　マジ美しき,ラウ,花見,hanami,『報せ花』,-
im9074470,【東方ニコ楽祭・花見】図書館の桜前線,季知らぬ　心の側に　沿ふ君の,真心こそは　我が<font color='red'>報せ花</font>,水鐘,花見,hanami,『報せ花』,-
im9074470,【東方ニコ楽祭・花見】図書館の桜前線,小悪魔が　花見に行こうと　<font color='red'>報せ花</font>,,いゆき,花見,hanami,『報せ花』,-
im9074470,【東方ニコ楽祭・花見】図書館の桜前線,あなたが届けてくれたもの　季節の訪れ<font color='red'>報せ花</font>　変わらぬ心とその笑顔,,茶芭,花見,hanami,『報せ花』,-
im9074470,【東方ニコ楽祭・花見】図書館の桜前線,<font color='red'>報せ花</font>　外の移ろう　時報せ（ときしらせ）,薄紅の花に　顔も綻び,キンジ,花見,hanami,『報せ花』,-
im9074499,或る日の霧の湖,<font color='purple'>と或る日の　霧の湖　春うらら,他山の石だと　姫は眺める,瞑想獅子,花見,hanami,『湖』,-
im9074499,或る日の霧の湖,春の<font color='red'>湖</font>に　紅き行進　姫ぞ見る,,伊賀高原,花見,hanami,『湖』,-
im9074499,或る日の霧の湖,<font color='purple'>と或る日の　霧の湖　春うらら,陸の騒ぎを 静かに眺む,期待値０,花見,hanami,『湖』,-
im9074499,或る日の霧の湖,春探し　一番乗りを　目指しては,<font color='red'>湖</font>巡る　大名行列,期待値０,花見,hanami,『湖』,-
im9074499,或る日の霧の湖,きらきらし　佇み歩く　姫御前(ひめごぜ)を,淡海(おうみ)の姫は　羨し(ともし)眺むる,水炬(スイコ),花見,hanami,『湖』,-
im9074499,或る日の霧の湖,花見る子　<font color='red'>湖</font>(こ)から眺める　花見かな,,ラウ,花見,hanami,『湖』,-
im9074499,或る日の霧の湖,<font color='purple'>と或る日の　霧の湖　春うらら,館総出で　大花見,茶芭,花見,hanami,『湖』,-
im9074499,或る日の霧の湖,<font color='red'>湖</font>の　特等席から　見えるのは,薄桃色と　沢山の笑顔,茶芭,花見,hanami,『湖』,-
im9078090,幻想郷に春立ちぬ【東方ニコ楽祭・花見】,<font color='red'>春</font>を告ぐ　妖精奔る　幻想郷,桜の祭りが　花開くとき,陣龍,花見,hanami,『春』,-
im9078090,幻想郷に春立ちぬ【東方ニコ楽祭・花見】,はるばると　<font color='red'>春</font>はあるかと　張る場ある,,瞑想獅子,花見,hanami,『春』,-
im9078090,幻想郷に春立ちぬ【東方ニコ楽祭・花見】,天空の　花の都に　<font color='red'>春</font>立ちぬ,その喜びを　人へと告ぐる,期待値０,花見,hanami,『春』,-
im9078090,幻想郷に春立ちぬ【東方ニコ楽祭・花見】,<font color='red'>春</font>告精　吹きゆく風に　<font color='red'>春</font>の香を,乗せて伝える　<font color='red'>春</font>の喜び,キンジ,花見,hanami,『春』,-
im9078090,幻想郷に春立ちぬ【東方ニコ楽祭・花見】,花と舞う　共に可憐な　<font color='red'>春</font>の子よ,,伊賀高原,花見,hanami,『春』,-
im9078090,幻想郷に春立ちぬ【東方ニコ楽祭・花見】,青陽を　語り告らせ(のらせ)と　騒ぎ立て,笑み曲ぐ廻る　白百合の精,水炬(スイコ),花見,hanami,『春』,-
im9078090,幻想郷に春立ちぬ【東方ニコ楽祭・花見】,妖精は　<font color='red'>春</font>にも霞まぬ　澄む眼,,common-der-k,花見,hanami,『春』,-
im9078090,幻想郷に春立ちぬ【東方ニコ楽祭・花見】,<font color='red'>春</font>ですよー　<font color='red'>春</font>なんですよー　<font color='red'>春</font>ですよー,,ラウ,花見,hanami,『春』,-
im9078090,幻想郷に春立ちぬ【東方ニコ楽祭・花見】,冬が過ぎ　<font color='red'>春</font>告精の　笑顔舞い,,いゆき,花見,hanami,『春』,-
im9078090,幻想郷に春立ちぬ【東方ニコ楽祭・花見】,<font color='red'>春</font>はきぬ　積もれる雪も　消え失せて,陽気誘われ　笑みも零るる,茶芭,花見,hanami,『春』,-
im9082037,花の匂いに,春便り　移ろう季節は　引きくらべ,四季折々の　匂い飽きさず,瞑想獅子,花見,hanami,『花便り』『花信』,-
im9082037,花の匂いに,久方の　季節盛りの　<font color='red'>花便り</font>,扉を開けば　桜香誘われ,期待値０,花見,hanami,『花便り』『花信』,-
im9082037,花の匂いに,<font color='red'>花便り</font>　背の戸に感ずる　春の風,,伊賀高原,花見,hanami,『花便り』『花信』,-
im9082037,花の匂いに,一人笑み　花の便りを　閉じ込めて,我が背に在り来と　花を鎖して,水炬(スイコ),花見,hanami,『花便り』『花信』,-
im9082037,花の匂いに,薄紅に　目を細める　<font color='red'>花信</font>風,,common-der-k,花見,hanami,『花便り』『花信』,-
im9082037,花の匂いに,人知れず　甘い誘いは　<font color='red'>花便り</font>,,ラウ,花見,hanami,『花便り』『花信』,-
im9082037,花の匂いに,気がつけば　秘神の背なの　<font color='red'>花便り</font>,微睡みの中　扉は閉めず,いゆき,花見,hanami,『花便り』『花信』,-
im9082037,花の匂いに,瞳伏せ　感じ伝わる　<font color='red'>花便り</font>,瞼の裏に　浮かぶ桃色,茶芭,花見,hanami,『花便り』『花信』,-
im9082639,春の清かに,水鏡に　差し込む指で　立つ<font color='red'>光</font>,水面の桜は　蓮(はす)の如し,瞑想獅子,花見,hanami,『光』『陽』,-
im9082639,春の清かに,神仕え　蝶が遊ぶは　桜影,春の<font color='red'>陽</font>射しを　奉らんと,期待値０,花見,hanami,『光』『陽』,-
im9082639,春の清かに,<font color='red'>陽</font><font color='red'>光</font>に　巫女相遊ぶ　水桜,,伊賀高原,花見,hanami,『光』『陽』,-
im9082639,春の清かに,鳰鳥(にほどり)の　ふたりの神和ぎ(かむなぎ)　いざなはれ,<font color='red'>陽</font>向のもとにて　春を楽しむ,水炬(スイコ),花見,hanami,『光』『陽』,-
im9082639,春の清かに,指先で　踊る水面も　穏やかな,輪を広げたり　花遊ぶ<font color='red'>陽</font>に,勇魚,花見,hanami,『光』『陽』,-
im9082639,春の清かに,巫女巫女の　繋ぐその手に　眩い<font color='red'>陽</font>,,ラウ,花見,hanami,『光』『陽』,-
im9082639,春の清かに,冬が明け　春の<font color='red'>光</font>に　舞う巫女よ,,いゆき,花見,hanami,『光』『陽』,-
im9082639,春の清かに,春うらら　ふたりで散歩　愛しい時間,<font color='red'>光</font>射し込む　ふたりの世界,茶芭,花見,hanami,『光』『陽』,-
im9082639,春の清かに,心まで　伝わるぬくもり　つないだ手,<font color='red'>陽</font>だまりのなか　水と戯れる,茶芭,花見,hanami,『光』『陽』,-
im9088101,【東方ニコ楽祭・花見】花散る義,<font color='red'>花散る</font>義　花は散るから　美しい,と言うけれど　いづれまた咲く,瞑想獅子,花見,hanami,『花散る』,-
im9088101,【東方ニコ楽祭・花見】花散る義,<font color='red'>花散る</font>に　想いを寄せる　不死の炎,,伊賀高原,花見,hanami,『花散る』,-
im9088101,【東方ニコ楽祭・花見】花散る義,恨めしき　刹那<font color='red'>花散る</font>　さま見れば,斯くも美し　蓬莱の　散らぬ己の　呪わしき身よ,期待値０,花見,hanami,『花散る』,-
im9088101,【東方ニコ楽祭・花見】花散る義,幾たびも　桜散る様　死にかへる,在りのすさびは　在るにも非ず,水炬(スイコ),花見,hanami,『花散る』,-
im9088101,【東方ニコ楽祭・花見】花散る義,歳華過ぎ　浮世彩る　<font color='red'>花散る</font>も,巡り萌え立つ　その日ぞ思ふ,筑前煮,花見,hanami,『花散る』,-
im9088101,【東方ニコ楽祭・花見】花散る義,掌（たなごころ）　花の散りしを　手慰む,君へ賄う　穀（たなつもの）の実,道明寺,花見,hanami,『花散る』,-
im9088101,【東方ニコ楽祭・花見】花散る義,花散れど　散ることなかれ　我が命,,ラウ,花見,hanami,『花散る』,-
im9088101,【東方ニコ楽祭・花見】花散る義,桜<font color='red'>花　散る</font>もこの世の　定とて,また巡り咲く　季を願はむ,水鐘,花見,hanami,『花散る』,-
im9088101,【東方ニコ楽祭・花見】花散る義,花ぞ散る　小春日和に　何思う,一人ただ待つ　花散らぬ姫を,いゆき,花見,hanami,『花散る』,-
im9088101,【東方ニコ楽祭・花見】花散る義,花は散る　美しく儚く残酷に　散りてこそ花,我が身と重ね　物羨みし,茶芭,花見,hanami,『花散る』,-
im9088103,【東方ニコ楽祭・花見】春風,春告精　気まぐれ吹かす　<font color='red'>春風</font>に,新芽の芽吹き　目覚めの如し,瞑想獅子,花見,hanami,『春風』,-
im9088103,【東方ニコ楽祭・花見】春風,<font color='red'>春風</font>と　移ろい告げる　白き精,,伊賀高原,花見,hanami,『春風』,-
im9088103,【東方ニコ楽祭・花見】春風,<font color='red'>春風</font>の　淡き夢路に　差し出でて,乙女留めん　花の散るまで,末世蘭草,花見,hanami,『春風』,-
im9088103,【東方ニコ楽祭・花見】春風,君想い　咲ける/裂ける我が身の　一片（ひとひら）を,どうかその手に　<font color='red'>春風</font>の君,愛訪桜,花見,hanami,『春風』,-
im9088103,【東方ニコ楽祭・花見】春風,<font color='red'>春風</font>と　ともに現る　妖精の,舞うさま見れば　一つ季節の　始まりとなれ,期待値０,花見,hanami,『春風』,-
im9088103,【東方ニコ楽祭・花見】春風,春ですよ　ただよいひながら　伝はれと,いづくともなく　<font color='red'>春風</font>とともに,水炬(スイコ),花見,hanami,『春風』,-
im9088103,【東方ニコ楽祭・花見】春風,<font color='red'>春風</font>が　吹雪く桜花　弾幕は,流石は名を　テッポウユリ,common-der-k,花見,hanami,『春風』,-
im9088103,【東方ニコ楽祭・花見】春風,<font color='red'>春風</font>と　共に舞う精　風物詩,,ラウ,花見,hanami,『春風』,-
im9088103,【東方ニコ楽祭・花見】春風,<font color='red'>春風</font>になびく花それぞれの美しさ　巡る季節に万感交々到る,,茶芭,花見,hanami,『春風』,-
im9088275,【東方ニコ楽祭・花見】花見みょー,花を見ず　主は食事に　気を取られ,従者は主を　見つめるばかり,期待値０,花見,hanami,-,-
im9088275,【東方ニコ楽祭・花見】花見みょー,花見をと　行事だしにし　食広げ,桜は呟く　今日で幾日,瞑想獅子,花見,hanami,-,-
im9088275,【東方ニコ楽祭・花見】花見みょー,おおとのと　花のもとにて　昼の供御(くご),さぶらひは花より　食らいたのしぶ,水炬(スイコ),花見,hanami,-,-
im9088275,【東方ニコ楽祭・花見】花見みょー,もぐもぐと　花より団子　ゆゆこさま,,くま,花見,hanami,-,-
im9088275,【東方ニコ楽祭・花見】花見みょー,主も臣も　上を見ずして　桜泣く,,伊賀高原,花見,hanami,-,-
im9088275,【東方ニコ楽祭・花見】花見みょー,花を見ず　花より団子の　主従有り,我も見ろよと　降る花吹雪,キンジ,花見,hanami,-,-
im9088275,【東方ニコ楽祭・花見】花見みょー,花の下　おべんとたくさん　楽しそう,いっぱいあるから　おひとつくださ,＃＃＃この詠み手は完全なる墨染の桜されました＃＃＃,花見,hanami,-,-
im9088275,【東方ニコ楽祭・花見】花見みょー,お料理おいしい♪　お花見きれい♪♪　主従水入らず,楽しい時間に　決まってるじゃない♪♪♪,茶芭,花見,hanami,-,-
im9090444,【東方ニコ楽祭・花見】妖の桜,<font color='red'>桜時</font>　されど咲かざる　妖の,桜に眠る　究極の　真実暴く　<font color='red'>花守</font>ひとり,期待値０,花見,hanami,『花守』『桜時』,-
im9090444,【東方ニコ楽祭・花見】妖の桜,最上の　真心胸に　立ち上がる,その眼光に　偽り無し,瞑想獅子,花見,hanami,『花守』『桜時』,-
im9090444,【東方ニコ楽祭・花見】妖の桜,妖の　究竟(くきょう)の桜を　見顕せ,明かせと春を　集む<font color='red'>花守</font>,水炬(スイコ),花見,hanami,『花守』『桜時』,-
im9090444,【東方ニコ楽祭・花見】妖の桜,冥界の　<font color='red'>花守</font>ここに　身を切らせ,冥主の盾と　剣にならん,はっちぼっち,花見,hanami,『花守』『桜時』,-
im9090444,【東方ニコ楽祭・花見】妖の桜,暴いては　ならぬ歴史の　紅桜,死魂と妖刀　彼の元に居り,陣龍,花見,hanami,『花守』『桜時』,-
im9090444,【東方ニコ楽祭・花見】妖の桜,<font color='red'>桜時</font>　霊の命が　燃ゆ時ぞ,,伊賀高原,花見,hanami,『花守』『桜時』,-
im9090444,【東方ニコ楽祭・花見】妖の桜,<font color='red'>桜時</font>　寒の戻りか　その眼,鋭さ増す　年度末かな,common-der-k,花見,hanami,『花守』『桜時』,-
im9090444,【東方ニコ楽祭・花見】妖の桜,<font color='red'>桜時</font>　あなたの春を　いただくわ！,,ラウ,花見,hanami,『花守』『桜時』,-
im9090444,【東方ニコ楽祭・花見】妖の桜,この絵見て　思い起こすは　トラウマよ,初めて着いた　5面と6面,いゆき,花見,hanami,『花守』『桜時』,-
im9090444,【東方ニコ楽祭・花見】妖の桜,<font color='red'>花守</font>の　先に御座すは　恐ろしき,死霊桜と　富士見の娘,しなびたこんにゃくん,花見,hanami,『花守』『桜時』,-
im9090444,【東方ニコ楽祭・花見】妖の桜,守るべき　ものありてこそ　<font color='red'>花守</font>の,務め果たさん　訳は二の次,茶芭,花見,hanami,『花守』『桜時』,-
im9091304,【東方ニコ楽祭・花見】石花見,<font color='red'>石花見</font>　岩肌幹に　なぞらえて,常夜の桜　常設の宴,瞑想獅子,花見,hanami,『石桜』『石花見』,-
im9091304,【東方ニコ楽祭・花見】石花見,大樹無き　地底で開かる　花見酒,<font color='red'>石桜</font>とは　また風流なり,陣龍,花見,hanami,『石桜』『石花見』,-
im9091304,【東方ニコ楽祭・花見】石花見,泥梨(ないり)にて　散りぬるさまの　<font color='red'>石櫻</font>は,天無き地に　光差しける,水炬(スイコ),花見,hanami,『石桜』『石花見』,-
im9091304,【東方ニコ楽祭・花見】石花見,地の者が　光楽しむ　<font color='red'>石桜</font>,,伊賀高原,花見,hanami,『石桜』『石花見』,-
im9091304,【東方ニコ楽祭・花見】石花見,人は皆　重い想いに　生きている,だからキレエと　腹も据えるさ,ラプンツェル,花見,hanami,『石桜』『石花見』,-
im9091304,【東方ニコ楽祭・花見】石花見,なれないわ　例えどれだけ　小さくたって,意思が欠けたら　私じゃないもの,楊回,花見,hanami,『石桜』『石花見』,-
im9091304,【東方ニコ楽祭・花見】石花見,地の空に　光り輝く　<font color='red'>石桜</font>,,ラウ,花見,hanami,『石桜』『石花見』,-
im9091304,【東方ニコ楽祭・花見】石花見,光無き　土の底にも　咲く花よ,落ちる<font color='red'>石桜</font>(せきおう)　妖しの仇花(あだばな),いゆき,花見,hanami,『石桜』『石花見』,-
im9091304,【東方ニコ楽祭・花見】石花見,閉ざされた　地の底に降る　<font color='red'>石桜</font>,僅かな娯楽と　季節の境,期待値０,花見,hanami,『石桜』『石花見』,-
im9091304,【東方ニコ楽祭・花見】石花見,どの地でも人の心は大差なく　光楽しむ<font color='red'>石桜</font>　集い饗する<font color='red'>石花見</font>,,茶芭,花見,hanami,『石桜』『石花見』,-
im9091304,【東方ニコ楽祭・花見】石花見,地底流　春を感じる　<font color='red'>石花見</font>,地上の桜に　思いを馳せて,なちょ,花見,hanami,『石桜』『石花見』,-
im9094240,【東方ニコ楽祭・花見】開宴,酌み交わす　<font color='red'>酒</font>のつまみに　語らえば,さても尽きまじ　永き年月,万年竹,花見,hanami,『酒』,-
im9094240,【東方ニコ楽祭・花見】開宴,皆で飲む　<font color='red'>酒</font>はうまいが　ほら後ろ！,,くま,花見,hanami,『酒』,-
im9094240,【東方ニコ楽祭・花見】開宴,皆集い　飲めや歌えの　大騒ぎ,<font color='red'>酒</font>無くならば　いざ逃げる時,陣龍,花見,hanami,『酒』,-
im9094240,【東方ニコ楽祭・花見】開宴,花見<font color='red'>酒</font>　友と語らい　呑み笑う,このひと時が　極上の時,キンジ,花見,hanami,『酒』,-
im9094240,【東方ニコ楽祭・花見】開宴,阿闍梨には　密かごころを　携へて,夜桜のもとにて　<font color='red'>酒</font>水漬くかな,水炬(スイコ),花見,hanami,『酒』,-
im9094240,【東方ニコ楽祭・花見】開宴,尼達が　般若も恐れず　<font color='red'>酒</font>に酔う,,伊賀高原,花見,hanami,『酒』,-
im9094240,【東方ニコ楽祭・花見】開宴,屋根集い　思い思いの　隠し<font color='red'>酒</font>,夜の<font color='red'>酒</font>宴は　声を潜めて,瞑想獅子,花見,hanami,『酒』,-
im9094240,【東方ニコ楽祭・花見】開宴,花見して　<font color='red'>酒</font>を呑まずに　いられないっ！！,,ラウ,花見,hanami,『酒』,-
im9094240,【東方ニコ楽祭・花見】開宴,僧寝る夜　悟り説かれる　蓮の上,今宵解きしは　飲<font color='red'>酒</font>の禁,筑前煮,花見,hanami,『酒』,-
im9094240,【東方ニコ楽祭・花見】開宴,般若湯　不飲<font color='red'>酒</font>戒も　なんのその,和尚に見つかり　いざ南無参！,期待値０,花見,hanami,『酒』,-
im9094240,【東方ニコ楽祭・花見】開宴,般若湯　がんぎまりすぎて　尼が知る,,いゆき,花見,hanami,『酒』,-
im9094240,【東方ニコ楽祭・花見】開宴,美味い<font color='red'>酒</font>　みんなと飲む<font color='red'>酒</font>　隠れ<font color='red'>酒</font>,お堅いことは　言いっこなしよ♪,茶芭,花見,hanami,『酒』,-
im9099256,見上げれば【東方ニコ楽祭・花見】,勤めなす　我をねぎらう　<font color='red'>花吹雪</font>,ちょいと一息　付いてもいいか,キンジ,花見,hanami,『春』『花吹雪』,-
im9099256,見上げれば【東方ニコ楽祭・花見】,<font color='red'>春</font>の気を　思ほゆる空　見上げては,桜吹雪は　風と和らぐ,水炬(スイコ),花見,hanami,『春』『花吹雪』,-
im9099256,見上げれば【東方ニコ楽祭・花見】,<font color='red'>花吹雪</font>　色付きにけり　猫車,,伊賀高原,花見,hanami,『春』『花吹雪』,-
im9099256,見上げれば【東方ニコ楽祭・花見】,道すがら　視界遮る　<font color='red'>花吹雪</font>,見えぬ先こそ　期待膨らみ,瞑想獅子,花見,hanami,『春』『花吹雪』,-
im9099256,見上げれば【東方ニコ楽祭・花見】,見上げれば　舞う<font color='red'>花吹雪</font>　<font color='red'>春</font>の雨,全て受け入れる　優しい雨,茶芭,花見,hanami,『春』『花吹雪』,-
im9099256,見上げれば【東方ニコ楽祭・花見】,初<font color='red'>春</font>（ういはる）に　畏（かしこ）み畏み　申します,いきてようよう　お帰りなさい,手鞠唄,花見,hanami,『春』『花吹雪』,-
im9099256,見上げれば【東方ニコ楽祭・花見】,陽だまりに　<font color='red'>春</font>を見つけた　その日から,焦がれ臥したり　『休む間もなく』,洒落首,花見,hanami,『春』『花吹雪』,-
im9099256,見上げれば【東方ニコ楽祭・花見】,形見分け　悼み別れて　幾年か,御世の誉れの　礎ぞ知る,奥津城鏡,花見,hanami,『春』『花吹雪』,-
im9099256,見上げれば【東方ニコ楽祭・花見】,桜下　火車を彩る　<font color='red'>花吹雪</font>,地上の土産に　花車ひとつ,期待値０,花見,hanami,『春』『花吹雪』,-
im9099256,見上げれば【東方ニコ楽祭・花見】,葬送の　旅のお供を　求めては,花の下にぞ　<font color='red'>春</font>行かん,期待値０,花見,hanami,『春』『花吹雪』,-
im9099256,見上げれば【東方ニコ楽祭・花見】,<font color='red'>春</font>風が　伝えし桜の　<font color='red'>花吹雪</font>,目細め眺め　猫よ微笑む,陣龍,花見,hanami,『春』『花吹雪』,-
im9099256,見上げれば【東方ニコ楽祭・花見】,<font color='red'>花吹雪</font>　まぢり舞い散る　身と魂,残る骸は　知る由もなし,八索,花見,hanami,『春』『花吹雪』,-
im9099256,見上げれば【東方ニコ楽祭・花見】,<font color='red'>花吹雪</font>　地上の<font color='red'>春</font>も　きれいかな,胸いっぱいに　<font color='red'>春</font>の訪れ,ラウ,花見,hanami,『春』『花吹雪』,-
im9099256,見上げれば【東方ニコ楽祭・花見】,地上にて　髪を靡かせる　<font color='red'>花吹雪</font>,彼らも感じた　<font color='red'>春</font>の訪れ,なちょ,花見,hanami,『春』『花吹雪』,-
im9099256,見上げれば【東方ニコ楽祭・花見】,<font color='red'>春</font>の日は　ほとけと一緒に　帰りましょ,,しなびたこんにゃくん,花見,hanami,『春』『花吹雪』,-
im9102975,[東方ニコ楽祭・花見]ー桜華麗人ー,秋(とき)は春　時節の別れ路　あはれども,小春そよめく　四季の桜よ　会えて嬉しむ,水炬(スイコ),花見,hanami,『小さな春』『小春のそよ風』,-
im9102975,[東方ニコ楽祭・花見]ー桜華麗人ー,門前に　少女二人の　影あらば,<font color='red'>小さな春</font>に　花咲き乱る,伊賀高原,花見,hanami,『小さな春』『小春のそよ風』,-
im9102975,[東方ニコ楽祭・花見]ー桜華麗人ー,「春ですね」　微笑む先に　凛と咲く,鈴を転がす　声風（こわぶり）の花,愛縁,花見,hanami,『小さな春』『小春のそよ風』,-
im9102975,[東方ニコ楽祭・花見]ー桜華麗人ー,小春日に　さざめく花の　なを告げる,春告鳥の　そよ風の詩,奇縁,花見,hanami,『小さな春』『小春のそよ風』,-
im9102975,[東方ニコ楽祭・花見]ー桜華麗人ー,門開き　機嫌は上々　小休憩,館へ招く　<font color='red'>小春のそよ風</font>,瞑想獅子,花見,hanami,『小さな春』『小春のそよ風』,-
im9102975,[東方ニコ楽祭・花見]ー桜華麗人ー,そよ風に　<font color='red'>小さな春</font>を　見つけては,主に先立ち　門番の　役得ひとつ　館に招き,期待値０,花見,hanami,『小さな春』『小春のそよ風』,-
im9102975,[東方ニコ楽祭・花見]ー桜華麗人ー,紅のさきに<font color='red'>小さな春</font>の色　陽気が包むふたり、ひととき,,八索,花見,hanami,『小さな春』『小春のそよ風』,-
im9102975,[東方ニコ楽祭・花見]ー桜華麗人ー,門の前　<font color='red'>小さな春</font>の　特等席,,ラウ,花見,hanami,『小さな春』『小春のそよ風』,-
im9102975,[東方ニコ楽祭・花見]ー桜華麗人ー,見上ぐれば　咲くやこの花　君と見し,<font color='red'>小さな春</font>を　留め置かまし,水鐘,花見,hanami,『小さな春』『小春のそよ風』,-
im9102975,[東方ニコ楽祭・花見]ー桜華麗人ー,門前に　二人眺める　<font color='red'>小さな春</font>,そよ風吹いて　小さな花見を,いゆき,花見,hanami,『小さな春』『小春のそよ風』,-
im9102975,[東方ニコ楽祭・花見]ー桜華麗人ー,今年もまた　<font color='red'>小さな春</font>の　訪れを,2人で喜ぶ　恒例行事,茶芭,花見,hanami,『小さな春』『小春のそよ風』,-
im9100264,大妖精が『東方ニコ楽祭・花見』の歌詠みをオススメするようです,<font color='purple'>静画を見て　歌を詠まずは　Die妖精,生きのこるため　好きに詠むべし,いゆき,花見,hanami,-,静画を見て　歌を詠まずは　Die妖精
im9100264,大妖精が『東方ニコ楽祭・花見』の歌詠みをオススメするようです,<font color='purple'>静画を見て　歌を詠まずは　Die妖精,道化に惑いて　桜散るらむ,伊賀高原,花見,hanami,-,静画を見て　歌を詠まずは　Die妖精
im9100264,大妖精が『東方ニコ楽祭・花見』の歌詠みをオススメするようです,<font color='purple'>静画を見て　歌を詠まずは　Die妖精,それの誘いは　沼の底なり,水炬(スイコ),花見,hanami,-,静画を見て　歌を詠まずは　Die妖精
im9100264,大妖精が『東方ニコ楽祭・花見』の歌詠みをオススメするようです,<font color='purple'>静画を見て　歌を詠まずは　Die妖精,なお出る際は　相手見てから,瞑想獅子,花見,hanami,-,静画を見て　歌を詠まずは　Die妖精
im9100264,大妖精が『東方ニコ楽祭・花見』の歌詠みをオススメするようです,<font color='purple'>静画を見て　歌を詠まずは　Die妖精,試しに詠めば　ハマる歌沼,キンジ,花見,hanami,-,静画を見て　歌を詠まずは　Die妖精
im9100264,大妖精が『東方ニコ楽祭・花見』の歌詠みをオススメするようです,<font color='purple'>静画を見て　歌を詠まずは　Die妖精,一首詠めれば　沼（霧の湖）にご招待,期待値０,花見,hanami,-,静画を見て　歌を詠まずは　Die妖精
im9100264,大妖精が『東方ニコ楽祭・花見』の歌詠みをオススメするようです,<font color='purple'>静画を見て　歌を詠まずは　Die妖精,釣られて詠めば　歌沼行きなり,陣龍,花見,hanami,-,静画を見て　歌を詠まずは　Die妖精
im9100264,大妖精が『東方ニコ楽祭・花見』の歌詠みをオススメするようです,下の句を詠む上の⑨（まるきふ）,,八索,花見,hanami,-,静画を見て　歌を詠まずは　Die妖精
im9100264,大妖精が『東方ニコ楽祭・花見』の歌詠みをオススメするようです,誘いに　騙されんぞと　言う童,然れど楽しき　歌詠み遊び,しなびたこんにゃくん,花見,hanami,-,静画を見て　歌を詠まずは　Die妖精
im9100264,大妖精が『東方ニコ楽祭・花見』の歌詠みをオススメするようです,<font color='purple'>静画を見て　歌を詠まずは　Die妖精,ちょっとあぶない　言の葉あそび,茶芭,花見,hanami,-,静画を見て　歌を詠まずは　Die妖精
im9107319,【東方ニコ楽祭・花見】花も団子も楽しみたいの,<font color='red'>春日</font>和　しだれ桜に　花見餅,四十は米で　四重箱目で,瞑想獅子,花見,hanami,『春日』,-
im9107319,【東方ニコ楽祭・花見】花も団子も楽しみたいの,春の日も　団子の串舞う　桜姫,,伊賀高原,花見,hanami,『春日』,-
im9107319,【東方ニコ楽祭・花見】花も団子も楽しみたいの,<font color='red'>春日</font>にて　桜をよそに　団子餅,見ぬとも心に　現桜(あらざくら)かな,水炬(スイコ),花見,hanami,『春日』,-
im9107319,【東方ニコ楽祭・花見】花も団子も楽しみたいの,<font color='red'>春日</font>(しゅんじつ)に　桜を感じ　団子食ふ,花を見れども　腹ふくらまぬ,ラウ,花見,hanami,『春日』,-
im9107319,【東方ニコ楽祭・花見】花も団子も楽しみたいの,<font color='red'>春日</font>の　霞掛かりの　花なれど,死しても食める　三色団子,期待値０,花見,hanami,『春日』,-
im9107319,【東方ニコ楽祭・花見】花も団子も楽しみたいの,歳月を　団子に重ね　玩味する,現の<font color='red'>春日</font>は　いかほど旨いか,お賽銭箱,花見,hanami,『春日』,-
im9107319,【東方ニコ楽祭・花見】花も団子も楽しみたいの,よくばりさん　<font color='red'>春日</font>にMGMG　お団子MGMG,,茶芭,花見,hanami,『春日』,-
im9107319,【東方ニコ楽祭・花見】花も団子も楽しみたいの,<font color='red'>春日</font>和　花より団子な　ご主人に,諦め交りに　付き合う庭師,キンジ,花見,hanami,『春日』,-
im9107415,【東方ニコ楽祭・花見】桜の湖畔,湖の洲端(うみのすは)　東<font color='red'>風</font>一筋に　舞い踊る,淡き色合い　春が来る来る。,アルカエルナ,花見,hanami,『風』『舞う』,-
im9107415,【東方ニコ楽祭・花見】桜の湖畔,<font color='red'>舞う</font>花を　桜堤で　目が追って,水と陸とで　さも並木道,瞑想獅子,花見,hanami,『風』『舞う』,-
im9107415,【東方ニコ楽祭・花見】桜の湖畔,見渡せば　清水讃える　八重桜,くすり、零れる　慈母の　様々,竜頭,花見,hanami,『風』『舞う』,-
im9107415,【東方ニコ楽祭・花見】桜の湖畔,『花開け』　何時の今頃　独り言ち,待伏す日々や　遠/滔と語らん,蛇尾,花見,hanami,『風』『舞う』,-
im9107415,【東方ニコ楽祭・花見】桜の湖畔,ケッコンか　ロマンチックにゃ　ちがいない,やるも一興？　ん～悩ましい,蛇足,花見,hanami,『風』『舞う』,-
im9107415,【東方ニコ楽祭・花見】桜の湖畔,吹き抜ける　<font color='red'>風</font>に揺らめく　水面見て,霞み映るは　<font color='red'>舞う</font>桜　散歩日和の　ハレの日の神,期待値０,花見,hanami,『風』『舞う』,-
im9107415,【東方ニコ楽祭・花見】桜の湖畔,湖の<font color='red'>風</font>を　飛ばず感じる　蛙神,,伊賀高原,花見,hanami,『風』『舞う』,-
im9107415,【東方ニコ楽祭・花見】桜の湖畔,東<font color='red'>風</font>吹かば　匂ひおこせよ　花の雲,舞ひ合ふ<font color='red'>風</font>は　神を忘るる,水炬(スイコ),花見,hanami,『風』『舞う』,-
im9107415,【東方ニコ楽祭・花見】桜の湖畔,桜連れ　共に感じる　春の<font color='red'>風</font>,あすは　洲端(すは)にて　花見酒かな,ラウ,花見,hanami,『風』『舞う』,-
im9107415,【東方ニコ楽祭・花見】桜の湖畔,春色に　染まる湖　花見酒,思い起こすは　諏訪の真澄よ,いゆき,花見,hanami,『風』『舞う』,-
im9107415,【東方ニコ楽祭・花見】桜の湖畔,頬撫でる<font color='red'>風</font>穏やかに　<font color='red'>舞う</font>花びらが水面に浮かぶ　見慣れた湖畔の景色だが,今日は殊更に心に迫る,茶芭,花見,hanami,『風』『舞う』,-
im9111342,【東方ニコ楽祭・花見】　夜明け,誰よりも　高きに坐して　『見上げ』よう,誇る<font color='red'>蕾</font>の　そのあらましを,マスカレイド,花見,hanami,『蕾』『花びら』,-
im9111342,【東方ニコ楽祭・花見】　夜明け,ハレの日にゃ　居境（いさかい）なんて　似合わねえ,イヤと栄えりゃ　雲も晴りゃしょう,猿田伝楽,花見,hanami,『蕾』『花びら』,-
im9111342,【東方ニコ楽祭・花見】　夜明け,<font color='red'>蕾</font>待つ　季節の夜明けを　見下ろして,境の先より　<font color='red'>花びら</font>共に　春が降りてくる,期待値０,花見,hanami,『蕾』『花びら』,-
im9111342,【東方ニコ楽祭・花見】　夜明け,彼は誰に　ままに差し寄れば　木の芽張る,心許ながら　明を眺むる,水炬(スイコ),花見,hanami,『蕾』『花びら』,-
im9111342,【東方ニコ楽祭・花見】　夜明け,人知れず　未だ開かぬ　<font color='red'>蕾</font>と芽,春暁を　愛でるは賢者,瞑想獅子,花見,hanami,『蕾』『花びら』,-
im9111342,【東方ニコ楽祭・花見】　夜明け,まだ咲かぬ　<font color='red'>蕾</font>の如き　この郷を,幻(まぼろし)想い　今拓き行く,陣龍,花見,hanami,『蕾』『花びら』,-
im9111342,【東方ニコ楽祭・花見】　夜明け,幻想の　時の隙間に　咲く<font color='red'>蕾</font>,,伊賀高原,花見,hanami,『蕾』『花びら』,-
im9111342,【東方ニコ楽祭・花見】　夜明け,境界を　弄れば<font color='red'>蕾</font>　咲くけれど,もう少しだけ　待ちぼうけかな,ラウ,花見,hanami,『蕾』『花びら』,-
im9111342,【東方ニコ楽祭・花見】　夜明け,朝ぼらけ　郷を想いて　唯一人,咲くも咲かぬも　愛でる妖,いゆき,花見,hanami,『蕾』『花びら』,-
im9111342,【東方ニコ楽祭・花見】　夜明け,咲く咲かぬ　その境界は曖昧にして　心に花を咲かせましょう♪,,茶芭,花見,hanami,『蕾』『花びら』,-
im9111342,【東方ニコ楽祭・花見】　夜明け,夜が明けて　幻想の春も　すぐ其処に,<font color='red'>蕾</font>開くは　妖の郷,しなびたこんにゃくん,花見,hanami,『蕾』『花びら』,-
im9130741,夜桜で一杯【東方ニコ楽祭・花見】,<font color='red'>夜桜</font>と　<font color='red'>酒</font>に明け行く　雀宿,,伊賀高原,花見,hanami,『屋台』『夜桜』『酒』,-
im9130741,夜桜で一杯【東方ニコ楽祭・花見】,花盛り　宴も酣　酔いのうち,見世の仕舞いに　一献いかが？,息長帯,花見,hanami,『屋台』『夜桜』『酒』,-
im9130741,夜桜で一杯【東方ニコ楽祭・花見】,ひとのよに　かぶくよさくら　かみしまい,<font color='red'>さけ</font>をたしなみ　うたうたのしみ,串打ちのツクネ,花見,hanami,『屋台』『夜桜』『酒』,-
im9130741,夜桜で一杯【東方ニコ楽祭・花見】,花明かり　<font color='red'>夜桜</font><font color='red'>屋台</font>の　雀<font color='red'>酒</font>,今宵ばかりは　歌わずの宴,期待値０,花見,hanami,『屋台』『夜桜』『酒』,-
im9130741,夜桜で一杯【東方ニコ楽祭・花見】,夜一夜　桜の<font color='red'>屋台</font>の　すずめ<font color='red'>酒</font>,飲んで飲まれて　人も妖も,水炬(スイコ),花見,hanami,『屋台』『夜桜』『酒』,-
im9130741,夜桜で一杯【東方ニコ楽祭・花見】,<font color='red'>夜桜</font>見る　特等席だよ　この<font color='red'>屋台</font>,料理は美味いし　<font color='red'>酒</font>も美味い（あとおかみ可愛い♪）,茶芭,花見,hanami,『屋台』『夜桜』『酒』,-
im9130741,夜桜で一杯【東方ニコ楽祭・花見】,<font color='red'>夜桜</font>と　つまみをアテの　<font color='red'>屋台</font><font color='red'>酒</font>,会話の花も　咲き乱れたり,キンジ,花見,hanami,『屋台』『夜桜』『酒』,-
im9138142,【東方ニコ楽祭・花見】夜桜巫女,このたびも　終わり和やか　みちのくに,傘も晴れ晴れ　名残惜しまん,千本桜,花見,hanami,『桜』,-
im9138142,【東方ニコ楽祭・花見】夜桜巫女,<font color='red'>桜</font>花　京の都　彩るは,<font color='red'>桜</font>華の影に　麗しき夢,マジ☆さく,花見,hanami,『桜』,-
im9138142,【東方ニコ楽祭・花見】夜桜巫女,英（はなぶさ）も　霞む乙女の　艶姿,契り許さぬ　気高さぞすく,牡丹燈籠,花見,hanami,『桜』,-
im9138142,【東方ニコ楽祭・花見】夜桜巫女,薄紅の　千本<font color='red'>桜</font>の　その先に,見返り美人は　二色蝶　背には朱塗りの　千本鳥居,期待値０,花見,hanami,『桜』,-
im9138142,【東方ニコ楽祭・花見】夜桜巫女,麗しき　<font color='red'>桜</font>に溶け込む　紅白よ,,伊賀高原,花見,hanami,『桜』,-
im9138142,【東方ニコ楽祭・花見】夜桜巫女,久方の　あめがしたたる　あかしろは,交わりとともに　<font color='red'>櫻</font>なりける,水炬(スイコ),花見,hanami,『桜』,-
im9138142,【東方ニコ楽祭・花見】夜桜巫女,雨が過ぎ　森の神域　明かりさす,薄紅<font color='red'>桜</font>に　映える紅巫女,いゆき,花見,hanami,『桜』,-
im9138142,【東方ニコ楽祭・花見】夜桜巫女,花細し　<font color='red'>桜</font>咲き誇る　境内で,鮮やかに映る　紅一点かな,なちょ,花見,hanami,『桜』,-
im9138142,【東方ニコ楽祭・花見】夜桜巫女,夢見草　<font color='red'>桜</font>の下に立つ少女　幻想郷への入り口なのか……？,,茶芭,花見,hanami,『桜』,-
im9138142,【東方ニコ楽祭・花見】夜桜巫女,立ち寄りし　神社の巫女と　夜<font color='red'>桜</font>に,心を寄せる　淡きひと時,黒金目鯛,花見,hanami,『桜』,-
im9139845,【東方ニコ楽祭・花見】天を仰ぐ,緋衣と　桜見上げし　<font color='red'>天</font>地の子,,伊賀高原,花見,hanami,『天』『泳ぐ』,-
im9139845,【東方ニコ楽祭・花見】天を仰ぐ,<font color='red'>天</font>色の　風に戦げば　眦も,そろり、そろりと　夢の居心地,卯槌,花見,hanami,『天』『泳ぐ』,-
im9139845,【東方ニコ楽祭・花見】天を仰ぐ,白魚の　指が泳げば　散れる身も,恥じらう色に　こい焦がれたり,百花仙子,花見,hanami,『天』『泳ぐ』,-
im9139845,【東方ニコ楽祭・花見】天を仰ぐ,<font color='red'>天</font>人も　心が躍る　地の桜,,いゆき,花見,hanami,『天』『泳ぐ』,-
im9139845,【東方ニコ楽祭・花見】天を仰ぐ,<font color='red'>天</font>霧らす　散華の如く　艶なりや,心地良顔で　潜るをとめよ,水炬(スイコ),花見,hanami,『天』『泳ぐ』,-
im9139845,【東方ニコ楽祭・花見】天を仰ぐ,地に泳ぎ　<font color='red'>天</font>から見えぬ　花の下,遥か記憶の　春を探さん,期待値０,花見,hanami,『天』『泳ぐ』,-
im9139845,【東方ニコ楽祭・花見】天を仰ぐ,<font color='red'>天</font>を仰ぎて　見る花吹雪　綺麗と眺め,楽しめるのは　あなたと2人で　居れるから,茶芭,花見,hanami,『天』『泳ぐ』,-
im9139928,【東方ニコ楽祭・花見】お花見風見さん,<font color='red'>見てません</font>　頭が春の　花鬼など,,伊賀高原,花見,hanami,『見てません』,-
im9139928,【東方ニコ楽祭・花見】お花見風見さん,<font color='red'>見てません</font>　言ってませんは　聞きません,痛くするから　覚悟を決めて？,辞世：さくらん亡,花見,hanami,『見てません』,-
im9139928,【東方ニコ楽祭・花見】お花見風見さん,<font color='red'>見てません</font>　<font color='red'>見てません</font>たら　<font color='red'>見てません</font>,許してください　<font color='red'>見てません</font>から,Akigun,花見,hanami,『見てません』,-
im9139928,【東方ニコ楽祭・花見】お花見風見さん,風をはやみ　手間洗濯の　花粉かな,,詠み人知らず,花見,hanami,『見てません』,-
im9139928,【東方ニコ楽祭・花見】お花見風見さん,御手隙の　御手を拝借　御手間ながら,御手々繋いで　おっと手間取り　御目々隠して　ハイ「<font color='red'>見てません</font>」,御手洗端午,花見,hanami,『見てません』,-
im9139928,【東方ニコ楽祭・花見】お花見風見さん,<font color='red'>見てません</font>　されど貴女に　魅せられる,,kidehira,花見,hanami,『見てません』,-
im9139928,【東方ニコ楽祭・花見】お花見風見さん,<font color='red'>見てません</font>　むしろその目で　俺を見て,見下げ果てて　踏んでください,いゆき,花見,hanami,『見てません』,-
im9139928,【東方ニコ楽祭・花見】お花見風見さん,見する人　目引きし何も　見て無しと,目をそばめつつ　居退くわれわれ,水炬(スイコ),花見,hanami,『見てません』,-
im9139928,【東方ニコ楽祭・花見】お花見風見さん,『やっと見え』？　言い訳？聞くわ♪　さあどうぞ？,―――褒めてあげるわ♪　酷い嘘吐き♪,ダメ元スケ碌,花見,hanami,『見てません』,-
im9139928,【東方ニコ楽祭・花見】お花見風見さん,<font color='red'>見てません</font>　桜の花を　見てるだけ,だけど貴女に　見られると　なんだかゾクゾク　してしまいます,期待値０,花見,hanami,『見てません』,-
im9139928,【東方ニコ楽祭・花見】お花見風見さん,えっ！あの…<font color='red'>見てません</font>　頭上の桜が狂い咲き　踊って踊って春真っ盛り,,茶芭,花見,hanami,『見てません』,-
im9139928,【東方ニコ楽祭・花見】お花見風見さん,<font color='red'>見てません</font>　言葉の後に　見たものは,己に迫る　メガトンパンチ,キンジ,花見,hanami,『見てません』,-
im9140092,【東方ニコ楽祭・花見】葉っぱと花とおっちゃんと,桜花咲く　早き<font color='red'>深緑</font>　色溶ける,,伊賀高原,花見,hanami,『深緑』『虹の花』,-
im9140092,【東方ニコ楽祭・花見】葉っぱと花とおっちゃんと,<font color='red'>深緑</font>に　映える姿は　草の守人,新緑に　にじが花めく　眠る花守,水炬(スイコ),花見,hanami,『深緑』『虹の花』,-
im9140092,【東方ニコ楽祭・花見】葉っぱと花とおっちゃんと,賑やかな　桜吹雪に　囲まれて,微睡む<font color='red'>深緑</font>　見守るは　自然の生命と　<font color='red'>虹の花</font>なり,期待値０,花見,hanami,『深緑』『虹の花』,-
im9140092,【東方ニコ楽祭・花見】葉っぱと花とおっちゃんと,また一年　季節は巡る　自然の御業,花やぎ芽吹くは　桃に<font color='red'>深緑</font>,茶芭,花見,hanami,『深緑』『虹の花』,-
im9140092,【東方ニコ楽祭・花見】葉っぱと花とおっちゃんと,花吹雪　舞い散る中に　咲き誇る,<font color='red'>深緑</font>の葉の　<font color='red'>虹の花</font>かな,キンジ,花見,hanami,『深緑』『虹の花』,-
im9140268,春風に【東方ニコ楽祭・花見】,春北風の通り過ぎては花見頃,,和土,花見,hanami,『春風に』『春ですよー』,-
im9140268,春風に【東方ニコ楽祭・花見】,<font color='red'>春ですよー</font>　白黒踊る　桜舞,,伊賀高原,花見,hanami,『春風に』『春ですよー』,-
im9140268,春風に【東方ニコ楽祭・花見】,<font color='red'>春風に</font>　元気いっぱい　「「<font color='red'>春ですよー</font>」」,,蕗の薹,花見,hanami,『春風に』『春ですよー』,-
im9140268,春風に【東方ニコ楽祭・花見】,今こそと　我が声遠く　<font color='red'>春風に</font>,響きて天が　下に聞こゆる,水鐘,花見,hanami,『春風に』『春ですよー』,-
im9140268,春風に【東方ニコ楽祭・花見】,ようようと　ぼんぼろ風を　待ち顔なれば,ひちちかなりと　<font color='red'>春ですよ,水炬(スイコ),花見,hanami,『春風に』『春ですよー』,-
im9140268,春風に【東方ニコ楽祭・花見】,<font color='red'>春風に</font>　紋白蝶を　遊ばせて,コトリ、微睡む　玻璃のまほろば,二律背反するゴアゴア斑,花見,hanami,『春風に』『春ですよー』,-
im9140268,春風に【東方ニコ楽祭・花見】,<font color='red'>春風に</font>　吹かれるままに　身を任せ,彼女は叫ぶ　『<font color='red'>春ですよー</font>』,なちょ,花見,hanami,『春風に』『春ですよー』,-
im9140268,春風に【東方ニコ楽祭・花見】,<font color='red'>春風に</font>　一声乗せて　<font color='red'>春ですよー</font>！,桜と共に　季節始まり,期待値０,花見,hanami,『春風に』『春ですよー』,-
im9140268,春風に【東方ニコ楽祭・花見】,<font color='red'>春風に</font>　乗せて伝える　<font color='red'>春ですよー</font>,,茶芭,花見,hanami,『春風に』『春ですよー』,-
im9142546,【東方ニコ楽祭・花見】春の香り,寿ぎて　埋もれ安らぐ　輩に,手向けは要らじ　<font color='red'>花見</font>ゆるから,Ｄ,花見,hanami,『花見』,昼間から　花見酒飲み　良き日かな
im9142546,【東方ニコ楽祭・花見】春の香り,花籠で　八重に囲みて　篭らせば,梳いた息吹の　香にぞ酔いける,八塩折,花見,hanami,『花見』,昼間から　花見酒飲み　良き日かな
im9142546,【東方ニコ楽祭・花見】春の香り,<font color='purple'>昼間から　花見酒飲み　良き日かな,花に埋もれて　酒に溺れて,伊賀高原,花見,hanami,『花見』,昼間から　花見酒飲み　良き日かな
im9142546,【東方ニコ楽祭・花見】春の香り,<font color='purple'>昼間から　花見酒飲み　良き日かな,酔いが回って　埋もれる子鬼,ザニカ,花見,hanami,『花見』,昼間から　花見酒飲み　良き日かな
im9142546,【東方ニコ楽祭・花見】春の香り,桜散る　儚き別れも　賑やかな,<font color='red'>花見</font>に萃まる　百鬼夜行,ザニカ,花見,hanami,『花見』,昼間から　花見酒飲み　良き日かな
im9142546,【東方ニコ楽祭・花見】春の香り,風吹いて　<font color='red'>花見</font>に酔いて　弁(ひら)萃む,,伊賀高原,花見,hanami,『花見』,昼間から　花見酒飲み　良き日かな
im9142546,【東方ニコ楽祭・花見】春の香り,ぽつりたちたる　花を見て　力を使い,花弁を踊らす　酔眼にみる　桜並木,お賽銭箱,花見,hanami,『花見』,昼間から　花見酒飲み　良き日かな
im9142546,【東方ニコ楽祭・花見】春の香り,<font color='purple'>昼間から　花見酒飲み　良き日かな,桜萃めて　春の香りの　寝床なりけり,期待値０,花見,hanami,『花見』,昼間から　花見酒飲み　良き日かな
im9142546,【東方ニコ楽祭・花見】春の香り,<font color='purple'>昼間から　花見酒飲み　良き日かな,夜まで飲んで　夜中も飲んで,茶芭,花見,hanami,『花見』,昼間から　花見酒飲み　良き日かな
im9142546,【東方ニコ楽祭・花見】春の香り,欲を張り　萃めに萃め　花塚の,桜の季節に　萃香が出来た,いゆき,花見,hanami,『花見』,昼間から　花見酒飲み　良き日かな
im9142546,【東方ニコ楽祭・花見】春の香り,場所取りで　一足先に　<font color='red'>花見</font>酒,目が覚めたとき　花に埋まりて,キンジ,花見,hanami,『花見』,昼間から　花見酒飲み　良き日かな
im9142546,【東方ニコ楽祭・花見】春の香り,<font color='purple'>昼間から　花見酒飲み　良き日かな,うづまる小鬼は　花に紛れて,水炬(スイコ),花見,hanami,『花見』,昼間から　花見酒飲み　良き日かな
im9142546,【東方ニコ楽祭・花見】春の香り,<font color='red'>花見</font>酒　甘く漂う　花のみつ,何時しかうづまり　花に溺るる,水炬(スイコ),花見,hanami,『花見』,昼間から　花見酒飲み　良き日かな
