im10986254,楽祭ロゴ,あなたのとなりでひととなり　こころのこりてしのびゆく,,詠み人知らず,思人,shijin,,-
im11025056,【東方ニコ楽祭・思人】月下の白狼,彼方見る　もみじを照らす　秋の夜,,伊賀高原,思人,shijin,秋の夜,-
im11025056,【東方ニコ楽祭・思人】月下の白狼,燃ゆる葉の　月下でひとこと　「犬じゃない！」,,3waves,思人,shijin,秋の夜,-
im11025056,【東方ニコ楽祭・思人】月下の白狼,秋の夜　月面見つめる　千里眼,釘付けにする　白銀の色,緋畑,思人,shijin,秋の夜,-
im11025056,【東方ニコ楽祭・思人】月下の白狼,秋の夜の　闇をも見通す　千里眼,胸に秘めるは　哨戒の誇り,茶芭,思人,shijin,秋の夜,-
im11025056,【東方ニコ楽祭・思人】月下の白狼,秋澄むや　千里も敵わぬ　朧月,,美容室(マツリ),思人,shijin,秋の夜,-
im11025056,【東方ニコ楽祭・思人】月下の白狼,あきひとつ　つきのあかりと　イヌじゃない,,詠み人知らず,思人,shijin,秋の夜,-
im11025056,【東方ニコ楽祭・思人】月下の白狼,別れても　巡り巡って　また出会う,秋の夜の月　次の世の秋,たこLOVE,思人,shijin,秋の夜,-
im11025056,【東方ニコ楽祭・思人】月下の白狼,見上げれば　秋月照らす　静かな夜,かの人もまた　同じ月観るか,和風海苔,思人,shijin,秋の夜,-
im11025056,【東方ニコ楽祭・思人】月下の白狼,秋の夜に　月を見つめて　なに思う,,残念,思人,shijin,秋の夜,-
im11025056,【東方ニコ楽祭・思人】月下の白狼,秋の夜　ひとのとどかぬ　つきあかり,,詠み人知らず,思人,shijin,秋の夜,-
im11025056,【東方ニコ楽祭・思人】月下の白狼,秋の夜の　真澄を飾る　万ノ華,,蛮菓,思人,shijin,秋の夜,-
im11025056,【東方ニコ楽祭・思人】月下の白狼,じんるいは　しばらくいかぬ　げつめんに,,詠み人知らず,思人,shijin,秋の夜,-
im11025056,【東方ニコ楽祭・思人】月下の白狼,秋の夜の月の下にて心響む吾が生来の血にやありけむ,,水炬,思人,shijin,秋の夜,-
im11025056,【東方ニコ楽祭・思人】月下の白狼,森の中　蒼く照らせる　月光に,白狼の目にも　白い涙,煤足,思人,shijin,秋の夜,-
im11025056,【東方ニコ楽祭・思人】月下の白狼,白き狼　黒きに染める　秋の夜,,アジャストリーマ,思人,shijin,秋の夜,-
im11025131,【東方ニコ楽祭・思人】豪徳寺ミケの大店(おおだな),三毛招く　宝物光る　野外市,,伊賀高原,思人,shijin,,-
im11025131,【東方ニコ楽祭・思人】豪徳寺ミケの大店(おおだな),猫の手も　借りるとばかりに　闇市場,まずはやっぱり　パワーに限るぜ！,緋畑,思人,shijin,,-
im11025131,【東方ニコ楽祭・思人】豪徳寺ミケの大店(おおだな),寄ってらっしゃい　見てらっしゃい　お代は見てのお帰りで♪,,茶芭,思人,shijin,,-
im11025131,【東方ニコ楽祭・思人】豪徳寺ミケの大店(おおだな),見てらっしゃい　看取ってらっしゃい　無何有の国,,美容室(マツリ),思人,shijin,,-
im11025131,【東方ニコ楽祭・思人】豪徳寺ミケの大店(おおだな),おいでませ　ないものはない　ねこのみせ,,いぬたろう,思人,shijin,,-
im11025131,【東方ニコ楽祭・思人】豪徳寺ミケの大店(おおだな),前会った　魔理沙が客で　やって来た,死ぬまで借りずに　ちゃんと買ってよ,茶芭,思人,shijin,,-
im11025131,【東方ニコ楽祭・思人】豪徳寺ミケの大店(おおだな),闇市場　パチモノカード　豪傑寺,,残念,思人,shijin,,-
im11025131,【東方ニコ楽祭・思人】豪徳寺ミケの大店(おおだな),ウェルカム　招かれたるは　なにものか,幸か不幸か　アナタ次第,和風海苔,思人,shijin,,-
im11025131,【東方ニコ楽祭・思人】豪徳寺ミケの大店(おおだな),宝塔を　回収したいが　猫が邪魔（ナズーリン心の俳句）,,３ｗａｖｅｓ）,思人,shijin,,-
im11025131,【東方ニコ楽祭・思人】豪徳寺ミケの大店(おおだな),おさがしの　右手はないよ　『こちら』にも,ぬくもりだけは　託してきたろ？,蛮菓,思人,shijin,,-
im11025131,【東方ニコ楽祭・思人】豪徳寺ミケの大店(おおだな),商秋や　店(たな)で唸るは　掘り出し物(もん),,自由突破,思人,shijin,,-
im11025131,【東方ニコ楽祭・思人】豪徳寺ミケの大店(おおだな),さがしもの　みつかったかい　秋の店,,詠み人知らず,思人,shijin,,-
im11025131,【東方ニコ楽祭・思人】豪徳寺ミケの大店(おおだな),万物の　坩堝(るつぼ)となりて　大店の,屑(くず)も宝も　見る人次第,自由突破,思人,shijin,,-
im11025131,【東方ニコ楽祭・思人】豪徳寺ミケの大店(おおだな),招き猫　商売繁盛　招く猫,招かれしモノは　人かお金か,水炬,思人,shijin,,-
im11025131,【東方ニコ楽祭・思人】豪徳寺ミケの大店(おおだな),店の物　すべてを集め　捧げるも,猫(店主)の声に　勝るものなし,煤足,思人,shijin,,-
im11025131,【東方ニコ楽祭・思人】豪徳寺ミケの大店(おおだな),招き猫　客を寄せて　売買し,,詠み人知らず,思人,shijin,,-
im11025131,【東方ニコ楽祭・思人】豪徳寺ミケの大店(おおだな),カード売り　笑顔で招くは　三毛の猫,,アジャストリーマ,思人,shijin,,-
im11025437,星の迷案,我宝塔　本物宝塔　意識外,,伊賀高原,思人,shijin,,-
im11025437,星の迷案,閃いた　星の迷案　一体化,ナズ―は呆れて　二の句が継げず,茶芭,思人,shijin,,-
im11025437,星の迷案,ナズーリン　家出した理由（わけ）　聞いたなら,春の陽気に　浮かれた星,３ｗａｖｅｓ,思人,shijin,,-
im11025437,星の迷案,土下座して　立つこと叶わぬ　赤絨毯,,美容室(マツリ),思人,shijin,,-
im11025437,星の迷案,その刹那　空を切るは　ナズロッド,転び起きれず　狼狽す星,のこののこの,思人,shijin,,-
im11025437,星の迷案,立てばおでん　坐れば宝塔　歩く姿は,チンドン屋,残念,思人,shijin,,-
im11025437,星の迷案,その姿　こぶし震わし　ナズ怒る,,和風海苔,思人,shijin,,-
im11025437,星の迷案,月の夜　宝塔デカし　なんだこりゃ,,詠み人知らず,思人,shijin,,-
im11025437,星の迷案,ナズーリン　今はカリスマ　探してる,,緋畑,思人,shijin,,-
im11025437,星の迷案,見下げるは　異彩を放つ　我が主,,和風海苔,思人,shijin,,-
im11025437,星の迷案,みてよこれ　すごいほうとう　ちょーすごい,,いぬたろう,思人,shijin,,-
im11025437,星の迷案,めいあんが　あるとドジっ虎　おおはしゃぎ,しまった、とりつく　シマがないジャン！,蛮菓,思人,shijin,,-
im11025437,星の迷案,見てみてよ　おでんみたいに　なったよう,,詠み人知らず,思人,shijin,,-
im11025437,星の迷案,(読みがきっちり31文字になるように……)宝塔をなくさずばと思し定む　我が宝塔になればよしと,,水炬,思人,shijin,,-
im11025437,星の迷案,輝けし　毘沙門天のその眼　従者の瞳は,深き漆黒,煤足,思人,shijin,,-
im11025437,星の迷案,どや顔に　ナズも困惑　着ぐるみか！,,アジャストリーマ,思人,shijin,,-
im11025530,【東方ニコ楽祭・思人】看板娘,一日の　疲れを癒す　この笑顔,惚れてまうやろ　週⑨で通うわ,茶芭,思人,shijin,笑顔,-
im11025530,【東方ニコ楽祭・思人】看板娘,タダ見せで　金を吸い取る　酔い笑顔,,伊賀高原,思人,shijin,笑顔,-
im11025530,【東方ニコ楽祭・思人】看板娘,仕事後に　心腑に沁みる　笑みと酒,,自由突破,思人,shijin,笑顔,-
im11025530,【東方ニコ楽祭・思人】看板娘,宵の間に　人妖問わず　酔いしれる,鯢呑の酒と　美し笑顔,のこののこの,思人,shijin,笑顔,-
im11025530,【東方ニコ楽祭・思人】看板娘,なつのよる　ビールジョッキで　かおゆるむ,,詠み人知らず,思人,shijin,笑顔,-
im11025530,【東方ニコ楽祭・思人】看板娘,この一杯　枯れ木もしだれる　うだつかな,,美容室(マツリ),思人,shijin,笑顔,-
im11025530,【東方ニコ楽祭・思人】看板娘,いらっしゃい　元気な声と　この一杯,喉をうるおし　笑顔うるわし,たこLOVE,思人,shijin,笑顔,-
im11025530,【東方ニコ楽祭・思人】看板娘,今日も酒　明日もせっせと　通い詰め,もっと咲け咲け　女将の笑顔,残念,思人,shijin,笑顔,-
im11025530,【東方ニコ楽祭・思人】看板娘,迎えるは　笑顔眩しい　挨拶に,返す言葉は　まずは生で！,和風海苔,思人,shijin,笑顔,-
im11025530,【東方ニコ楽祭・思人】看板娘,しごとごの　うまいおさけと　なつのかぜ,,詠み人知らず,思人,shijin,笑顔,-
im11025530,【東方ニコ楽祭・思人】看板娘,ごめんなさい　注文したの　レモンサワー,,３ｗａｖｅｓ,思人,shijin,笑顔,-
im11025530,【東方ニコ楽祭・思人】看板娘,つられては　また来てしまった　この酒場,辛みも苦味も　笑顔と共に,緋畑,思人,shijin,笑顔,-
im11025530,【東方ニコ楽祭・思人】看板娘,鯨飲は　肝が潰れる　歳なのに,もっと笑顔を　ああいかんぞう！,蛮菓,思人,shijin,笑顔,-
im11025530,【東方ニコ楽祭・思人】看板娘,おつかれス　ビールえだまめ　サカナもね,,詠み人知らず,思人,shijin,笑顔,-
im11025530,【東方ニコ楽祭・思人】看板娘,うまきかな　暑い夏には　ビールっス,,詠み人知らず,思人,shijin,笑顔,-
im11025530,【東方ニコ楽祭・思人】看板娘,(仏足石歌風に)いらはいと招く笑顔はいとけなし　その手惑ひは酒の蠱惑かはたまた眼か,,水炬,思人,shijin,笑顔,-
im11025530,【東方ニコ楽祭・思人】看板娘,宵に酔い　夜更けにも酔う　鯢呑亭,良き酒に酔うか　妖気に酔うか,たこLOVE,思人,shijin,笑顔,-
im11025530,【東方ニコ楽祭・思人】看板娘,思い出は　飲み仲間との　他愛なし,思い出せぬは　娘の笑顔,ジュジュ,思人,shijin,笑顔,-
im11025530,【東方ニコ楽祭・思人】看板娘,あと5杯　そのほほえみで　もう5敗,あとに待つは　膨らみすぎた 　つけ払い,煤足,思人,shijin,笑顔,-
im11025530,【東方ニコ楽祭・思人】看板娘,ハイお待ち！　笑顔の娘と　生ビール,滴る汗に　今日も乾杯,アジャストリーマ,思人,shijin,笑顔,-
im11025565,【東方ニコ楽祭・思人】一位をねらえ！,はにはにと　ふたりが狙うは　トップだけ,,伊賀高原,思人,shijin,ふたり,-
im11025565,【東方ニコ楽祭・思人】一位をねらえ！,ひとりでは　単なる火でも　ふたりなら,炎に変わり　無敵になれる,茶芭,思人,shijin,ふたり,-
im11025565,【東方ニコ楽祭・思人】一位をねらえ！,血より濃い　固い絆で　結ばれた,ふたりは目指す　あの頂を,茶芭,思人,shijin,ふたり,-
im11025565,【東方ニコ楽祭・思人】一位をねらえ！,大行軍　土と水だけが　ともだちさ,,美容室(マツリ),思人,shijin,ふたり,-
im11025565,【東方ニコ楽祭・思人】一位をねらえ！,がらんどう　されど彼女と主には　潰えぬ絆,満たされし,のこののこの,思人,shijin,ふたり,-
im11025565,【東方ニコ楽祭・思人】一位をねらえ！,三悪に　君とふたりゐて　立つごとき,この頼もしさを　私は尊む(本歌取り),たこLOVE,思人,shijin,ふたり,-
im11025565,【東方ニコ楽祭・思人】一位をねらえ！,信（シン）の意気　ふたりのもとに　ある限り,それいけハニワ　さぁ突撃だ,緋畑,思人,shijin,ふたり,-
im11025565,【東方ニコ楽祭・思人】一位をねらえ！,ふたり立ち　燃やす心は　頂へ,はにわ行軍　勝利へと,和風海苔,思人,shijin,ふたり,-
im11025565,【東方ニコ楽祭・思人】一位をねらえ！,いざ参る　ゲッターハニワ　見参だ,若い命が　真っ赤に燃える,３ｗａｖｅｓ,思人,shijin,ふたり,-
im11025565,【東方ニコ楽祭・思人】一位をねらえ！,埴輪には守るべきものはただ一人　主の世界は主のまにまに,,水炬,思人,shijin,ふたり,-
im11025565,【東方ニコ楽祭・思人】一位をねらえ！,悠久の　祈り願いし　人魂よ　からっぽの　願いや哀れ 　がらんどう,搾取哀れや　畜生よ　二人で満たす　理に　奇跡は起きる 　起こして見せる,ジュジュ,思人,shijin,ふたり,-
im11025565,【東方ニコ楽祭・思人】一位をねらえ！,砕けても　捏ねられ再起し　輪の魂,かしらの腕は　もうパンパン,煤足,思人,shijin,ふたり,-
im11025565,【東方ニコ楽祭・思人】一位をねらえ！,ふたりして　夜なべで捏ねた　軍団が,部屋の七割　これどうしよう？,蛮菓,思人,shijin,ふたり,-
im11025565,【東方ニコ楽祭・思人】一位をねらえ！,腕を組み　構える二人に　敵は無し,造形こそが　我が道なりて,アジャストリーマ,思人,shijin,ふたり,-
im11025565,【東方ニコ楽祭・思人】一位をねらえ！,いざ参る　悲願成就の　天下取り,一騎当千　兵(つわもの)二人,残念,思人,shijin,ふたり,-
im11025990,【東方ニコ楽祭・思人】みんな違ってみんな良い,それぞれに　大きな愛ある　妖精や,,伊賀高原,思人,shijin,大,-
im11025990,【東方ニコ楽祭・思人】みんな違ってみんな良い,湖蝶らと　名も無き花が　通りゃんせ,,美容室(マツリ),思人,shijin,大,-
im11025990,【東方ニコ楽祭・思人】みんな違ってみんな良い,春が来て　ずっといつまで　かわいいの,,詠み人知らず,思人,shijin,大,-
im11025990,【東方ニコ楽祭・思人】みんな違ってみんな良い,夏空と　ようせいたちが　たわむれる,,詠み人知らず,思人,shijin,大,-
im11025990,【東方ニコ楽祭・思人】みんな違ってみんな良い,遊び場は　大きな空で　鬼ごっこ,見ているだけで　口元緩む,茶芭(*´▽｀*),思人,shijin,大,-
im11025990,【東方ニコ楽祭・思人】みんな違ってみんな良い,妖精たちが　夏を刺激する　ナマ足魅惑の,幻想郷,残念,思人,shijin,大,-
im11025990,【東方ニコ楽祭・思人】みんな違ってみんな良い,大好きを　撒き散らしてけ　カップルよ！,,和風海苔,思人,shijin,大,-
im11025990,【東方ニコ楽祭・思人】みんな違ってみんな良い,春の池　あら美しい　あんよたち,,詠み人知らず,思人,shijin,大,-
im11025990,【東方ニコ楽祭・思人】みんな違ってみんな良い,湖上の園　青空に舞う　大妖精,いやちょっと待て　君小悪魔でしょ？,たこLOVE,思人,shijin,大,-
im11025990,【東方ニコ楽祭・思人】みんな違ってみんな良い,おこらない　おおきなこころ　だいじにね,,詠み人知らず,思人,shijin,大,-
im11025990,【東方ニコ楽祭・思人】みんな違ってみんな良い,隙を突かれて　大慌て　逃げられなくて,大ピンチ　くんずほぐれつ 　大騒ぎ　最後はみんな　大笑い,蛮菓,思人,shijin,大,-
im11025990,【東方ニコ楽祭・思人】みんな違ってみんな良い,大好きだと　声を大にして　伝えたい,思ひは止まず　み玉を抱く,水炬,思人,shijin,大,-
im11025990,【東方ニコ楽祭・思人】みんな違ってみんな良い,妖精の　間に入る　小の悪魔,大きく広がる　花園の輪,煤足,思人,shijin,大,-
im11025990,【東方ニコ楽祭・思人】みんな違ってみんな良い,ぎゅっとして　みんな大好き　伝えたい,その子もあの子も　キミのこともね,諸星一,思人,shijin,大,-
im11025990,【東方ニコ楽祭・思人】みんな違ってみんな良い,大空で　大きく羽ばたく　大妖精,大衆妖精　これ大慌て,アジャストリーマ,思人,shijin,大,-
im11025990,【東方ニコ楽祭・思人】みんな違ってみんな良い,どさくさに　紛れ抱き付く　大チャンス,,残念,思人,shijin,大,-
im11025990,【東方ニコ楽祭・思人】みんな違ってみんな良い,そらとんで　どさくさまぎれ　さわってる,,詠み人知らず,思人,shijin,大,-
im11026036,【東方ニコ楽祭・思人】盆の覆水、通り雨。,迷い猫　雨傘招く　夏終わり,,伊賀高原,思人,shijin,雨,-
im11026036,【東方ニコ楽祭・思人】盆の覆水、通り雨。,降り濡つ　ねになく涙もにわか雨　さす雨あれば,さす傘もあり,たこLOVE,思人,shijin,雨,-
im11026036,【東方ニコ楽祭・思人】盆の覆水、通り雨。,秋黴雨(あきついり)　苔取り列車の　ハレ一番,,美容室(マツリ),思人,shijin,雨,-
im11026036,【東方ニコ楽祭・思人】盆の覆水、通り雨。,俄雨　嘆く三毛猫に　差し出すは,慈愛の手と目の　唐傘少女,のこののこの,思人,shijin,雨,-
im11026036,【東方ニコ楽祭・思人】盆の覆水、通り雨。,通り雨　肩をかさねて　空見上げ,片方濡れども　心は晴れて,茶芭,思人,shijin,雨,-
im11026036,【東方ニコ楽祭・思人】盆の覆水、通り雨。,涙雨　やませてみせる　心の傘,,和風海苔,思人,shijin,雨,-
im11026036,【東方ニコ楽祭・思人】盆の覆水、通り雨。,泣き濡れる　心にあてがう　傘がない,ただできる事　君に寄り添う,３ｗａｖｅｓ,思人,shijin,雨,-
im11026036,【東方ニコ楽祭・思人】盆の覆水、通り雨。,こっちへと　差し伸べられる　招かれ猫,,残念,思人,shijin,雨,-
im11026036,【東方ニコ楽祭・思人】盆の覆水、通り雨。,(とある歌合せからの本歌取り)人知れず下に流るる雨泪　差し出づる手に染むる思ひかな,,水炬,思人,shijin,雨,-
im11026036,【東方ニコ楽祭・思人】盆の覆水、通り雨。,捨て猫の　頬伝う雨　両手挙げ,差し伸べる　一つの腕 　捨て傘よ,ジュジュ,思人,shijin,雨,-
im11026036,【東方ニコ楽祭・思人】盆の覆水、通り雨。,濡れた身に　染み渡ったは　多々良傘,,煤足,思人,shijin,雨,-
im11026036,【東方ニコ楽祭・思人】盆の覆水、通り雨。,雨足も　ぴょこんぴょこんと　追い越して,最寄りの君へ　差すもやい傘,蛮菓,思人,shijin,雨,-
im11026036,【東方ニコ楽祭・思人】盆の覆水、通り雨。,五月雨や　振りし心も　暗き底,かざす温もり　光のようで,アジャストリーマ,思人,shijin,雨,-
im11026767,【東方ニコ楽祭・思人】推しの唇はガラス味、なんちゃって,なぜ画面から　出てきてくれぬ　想い溢れて,語りかけ,茶芭,思人,shijin,想い溢れて,-
im11026767,【東方ニコ楽祭・思人】推しの唇はガラス味、なんちゃって,推し事を　もし見られたら　恥ずか死す,想い溢れた　秘密の一瞬,茶芭,思人,shijin,想い溢れて,-
im11026767,【東方ニコ楽祭・思人】推しの唇はガラス味、なんちゃって,推し動画　思い溢れて　きゅっとする,,残念,思人,shijin,想い溢れて,-
im11026767,【東方ニコ楽祭・思人】推しの唇はガラス味、なんちゃって,液晶に　想い溢れて　目を潰す,,伊賀高原,思人,shijin,想い溢れて,-
im11026767,【東方ニコ楽祭・思人】推しの唇はガラス味、なんちゃって,秋の夜　みえない壁は　ガラスなり,,詠み人知らず,思人,shijin,想い溢れて,-
im11026767,【東方ニコ楽祭・思人】推しの唇はガラス味、なんちゃって,くちびるは　スマホの向こう　つたわらず,,詠み人知らず,思人,shijin,想い溢れて,-
im11026767,【東方ニコ楽祭・思人】推しの唇はガラス味、なんちゃって,画面越し　見つめ返して　微笑むが,直に触れられぬ　想い溢れて…,和風海苔,思人,shijin,想い溢れて,-
im11026767,【東方ニコ楽祭・思人】推しの唇はガラス味、なんちゃって,画面越しの幻想　想い溢れて　ハニカム笑顔,理性を破壊し　きゅっとして,のこののこの,思人,shijin,想い溢れて,-
im11026767,【東方ニコ楽祭・思人】推しの唇はガラス味、なんちゃって,妹の　推しのあの子は　初音ミク,館にウワサ　既に広まる,３ｗａｖｅｓ,思人,shijin,想い溢れて,-
im11026767,【東方ニコ楽祭・思人】推しの唇はガラス味、なんちゃって,笑みの先　画面映るは　磊か巫女か,,のこののこの,思人,shijin,想い溢れて,-
im11026767,【東方ニコ楽祭・思人】推しの唇はガラス味、なんちゃって,想い溢れて　口の端触れた　ギャマンに綴る,アイ・ラブ・ユー,蛮菓,思人,shijin,想い溢れて,-
im11026767,【東方ニコ楽祭・思人】推しの唇はガラス味、なんちゃって,やっちった　画面あるのに　すごいキス,,詠み人知らず,思人,shijin,想い溢れて,-
im11026767,【東方ニコ楽祭・思人】推しの唇はガラス味、なんちゃって,キミが好き　思い溢れて　止まらない,ゆかしき心は　無何有へ届けと,水炬,思人,shijin,想い溢れて,-
im11026767,【東方ニコ楽祭・思人】推しの唇はガラス味、なんちゃって,初通話　友の声に　思わずこぼれる,鬼の笑み,煤足,思人,shijin,想い溢れて,-
im11026767,【東方ニコ楽祭・思人】推しの唇はガラス味、なんちゃって,暇な時　クスッと笑う　その想い,溢れて零れて　にやけた笑みに,アジャストリーマ,思人,shijin,想い溢れて,-
im11027023,【東方ニコ楽祭・思人】虎柄の毘沙門天,虎光り　腕借る鼠　姫気分,,伊賀高原,思人,shijin,光,-
im11027023,【東方ニコ楽祭・思人】虎柄の毘沙門天,見惚れるは　威光放つ　我が主,,和風海苔,思人,shijin,光,-
im11027023,【東方ニコ楽祭・思人】虎柄の毘沙門天,迷わずに　歩める理由に　気付いてる？,あなたは光　全てを照らす,茶芭,思人,shijin,光,-
im11027023,【東方ニコ楽祭・思人】虎柄の毘沙門天,あなたは輝く　光のように　照らしてくれるの,私すら,茶芭,思人,shijin,光,-
im11027023,【東方ニコ楽祭・思人】虎柄の毘沙門天,宝塔の　光が見せる　破壊力,しかし充電　まもなく尽きる,３ｗａｖｅｓ,思人,shijin,光,-
im11027023,【東方ニコ楽祭・思人】虎柄の毘沙門天,夜もすがら　窮鼠そのまま　抱え堕ち,,美容室(マツリ),思人,shijin,光,-
im11027023,【東方ニコ楽祭・思人】虎柄の毘沙門天,御仏の　光明が差す　掌,,蛮菓,思人,shijin,光,-
im11027023,【東方ニコ楽祭・思人】虎柄の毘沙門天,ときはなて　ひかりのやいば　おでんから,,詠み人知らず,思人,shijin,光,-
im11027023,【東方ニコ楽祭・思人】虎柄の毘沙門天,御威光は多門の力か宝塔か眼前の君か心は惹かれて,,水炬,思人,shijin,光,-
im11027023,【東方ニコ楽祭・思人】虎柄の毘沙門天,眩さに　目を覚ますのは　朝の光,主の威厳　夢の中だけ,残念,思人,shijin,光,-
im11027023,【東方ニコ楽祭・思人】虎柄の毘沙門天,闇の中　孤独に動きし　silhouette,ヤツかと思えば　星じゃねーか！,煤足,思人,shijin,光,-
im11027023,【東方ニコ楽祭・思人】虎柄の毘沙門天,悪しき者　成敗いたすは　正義の光,寅丸星　ここに見参!,アジャストリーマ,思人,shijin,光,-
im11027281,【東方ニコ楽祭・思人】紅の中で,晴天に　紅葉舞い散る　巫女の舞,,伊賀高原,思人,shijin,舞,-
im11027281,【東方ニコ楽祭・思人】紅の中で,舞い上がる　紅のさざめき　肩ならべ,同じ景色を　眺めていたい,茶芭,思人,shijin,舞,-
im11027281,【東方ニコ楽祭・思人】紅の中で,紅葉の　舞い散る様に　巫女を見る,,和風海苔,思人,shijin,舞,-
im11027281,【東方ニコ楽祭・思人】紅の中で,舞う巫女の　瞳に映るは　紅葉か,,のこののこの,思人,shijin,舞,-
im11027281,【東方ニコ楽祭・思人】紅の中で,「秋風に　舞い踊る朱　木の葉か巫女か」答えて曰く「何となし,いずれともなく　麗しきもの」,たこLOVE,思人,shijin,舞,-
im11027281,【東方ニコ楽祭・思人】紅の中で,紅葉舞い　共に踊るは　赤き巫女,,残念,思人,shijin,舞,-
im11027281,【東方ニコ楽祭・思人】紅の中で,まいおどる　巫女と葉っぱで　秋すぎる,,詠み人知らず,思人,shijin,舞,-
im11027281,【東方ニコ楽祭・思人】紅の中で,万葉も　惚れた腫れたと　舞い上がり,柏手を打つ　四方山の秋,蛮菓,思人,shijin,舞,-
im11027281,【東方ニコ楽祭・思人】紅の中で,さにつらふ　もみぢ舞ふ庭　かむなぎは,紅の誼を結びて踊る,水炬,思人,shijin,舞,-
im11027281,【東方ニコ楽祭・思人】紅の中で,散る紅葉　風の中にて　神楽舞う,いざ清め給え　白雪ふるまで,緋畑,思人,shijin,舞,-
im11027281,【東方ニコ楽祭・思人】紅の中で,秋空を　朱に染めなして　澄んだ巫女,,ジュジュ,思人,shijin,舞,-
im11027281,【東方ニコ楽祭・思人】紅の中で,神楽舞う　囚われぬ巫女　勤めのために,天地人　祝詞を上げる 　楽園のため,ジュジュ,思人,shijin,舞,-
im11027281,【東方ニコ楽祭・思人】紅の中で,枯れし木に　踊れる紅葉　冬と春,,煤足,思人,shijin,舞,-
im11027281,【東方ニコ楽祭・思人】紅の中で,空に舞う　巫女の瞳に　映るのは,獲物逃がすな　秋の神様,3waves,思人,shijin,舞,-
im11027281,【東方ニコ楽祭・思人】紅の中で,秋晴に　神々たちを　祭る舞踊,真に舞うのは　巫女か紅葉か,アジャストリーマ,思人,shijin,舞,-
im11027561,【東方ニコ楽祭・思人】ただ在るがままに,見つめ合う　書では得られぬ　その存在,,伊賀高原,思人,shijin,存在,-
im11027561,【東方ニコ楽祭・思人】ただ在るがままに,なんとなく　一緒に居ると　楽しくて,妙に落ち着く　愛しき存在,茶芭,思人,shijin,存在,-
im11027561,【東方ニコ楽祭・思人】ただ在るがままに,「小鈴ちゃん　顔にハナクソ　付いてるよ」,,３ｗａｖｅｓ,思人,shijin,存在,-
im11027561,【東方ニコ楽祭・思人】ただ在るがままに,共に在る　その存在は　無二の友,,和風海苔,思人,shijin,存在,-
im11027561,【東方ニコ楽祭・思人】ただ在るがままに,いつまでも　友でいようと　微笑む君,その存在こそ　拠り所,のこののこの,思人,shijin,存在,-
im11027561,【東方ニコ楽祭・思人】ただ在るがままに,忘れない　貴女と過ごした　この時を,,いぬたろう,思人,shijin,存在,-
im11027561,【東方ニコ楽祭・思人】ただ在るがままに,よこにいる　かぞくどうぜん　あきのよる,,詠み人知らず,思人,shijin,存在,-
im11027561,【東方ニコ楽祭・思人】ただ在るがままに,とおあまり　ひとつふたつと　もろともに,ありとあらゆる　ありふれたいま,蛮菓,思人,shijin,存在,-
im11027561,【東方ニコ楽祭・思人】ただ在るがままに,ここに居る私ともにここに在るここに存ずる二無しの友よ,,水炬,思人,shijin,存在,-
im11027561,【東方ニコ楽祭・思人】ただ在るがままに,得難きは　存へ渡る　阿礼の子,二人を分かつ　在りし時まで,ジュジュ,思人,shijin,存在,-
im11027561,【東方ニコ楽祭・思人】ただ在るがままに,射命丸　その1枚は　死守すべし,万物に勝る　友情の誓い也,煤足,思人,shijin,存在,-
im11027561,【東方ニコ楽祭・思人】ただ在るがままに,転生を　繰り返しても　また会えぬ,そうよ貴方は　無二の存在,残念,思人,shijin,存在,-
im11027561,【東方ニコ楽祭・思人】ただ在るがままに,いつまでも　消えぬ存在　この関係,,アジャストリーマ,思人,shijin,存在,-
im11027624,【東方ニコ楽祭・思人】亡霊の姫君,幽玄に　想い馳せるは　かの人か,,和風海苔,思人,shijin,想い,-
im11027624,【東方ニコ楽祭・思人】亡霊の姫君,夜の蝶に　想いを載せる　亡霊姫,,伊賀高原,思人,shijin,想い,-
im11027624,【東方ニコ楽祭・思人】亡霊の姫君,桜の夜　漂う蝶に　魂（たま）想ふ,,３ｗａｖｅｓ,思人,shijin,想い,-
im11027624,【東方ニコ楽祭・思人】亡霊の姫君,願わくば　常世の果てまで　一緒にと,幽き想いは　思人偕老,茶芭,思人,shijin,想い,-
im11027624,【東方ニコ楽祭・思人】亡霊の姫君,ゆゆ様好きだ！　磯の鮑の片想い,,たこLOVE,思人,shijin,想い,-
im11027624,【東方ニコ楽祭・思人】亡霊の姫君,いちれいと　すぎしひ想い　チョコ霊ト,,詠み人知らず,思人,shijin,想い,-
im11027624,【東方ニコ楽祭・思人】亡霊の姫君,よく食うね　まわりは全部　わたあめだ,,詠み人知らず,思人,shijin,想い,-
im11027624,【東方ニコ楽祭・思人】亡霊の姫君,あさきぬの　ゆめをわたすは　しでざくら,おもうがままの　みなみなかたへ,蛮菓,思人,shijin,想い,-
im11027624,【東方ニコ楽祭・思人】亡霊の姫君,父想い　その重さに　耐えられず,我も散ります　桜の下で,残念,思人,shijin,想い,-
im11027624,【東方ニコ楽祭・思人】亡霊の姫君,(ある法師からの本歌取り)なかなかに　よもつの先で逢ふことは世にも夢にも思はざりしぞ,,水炬,思人,shijin,想い,-
im11027624,【東方ニコ楽祭・思人】亡霊の姫君,一皿一口(いだだぎまぁず)　うしろに散るは　桜の花びら,鳥の羽根,煤足,思人,shijin,想い,-
im11027624,【東方ニコ楽祭・思人】亡霊の姫君,生前の　私の想い　今いずこ,桜の下を　暴けばわかる？,諸星一,思人,shijin,想い,-
im11027624,【東方ニコ楽祭・思人】亡霊の姫君,この心　紫色の　蝶に乗せ,思い届けよ　一途な気持ち,アジャストリーマ,思人,shijin,想い,-
im11027656,【東方ニコ楽祭・思人】悲しき人形,我が意志と　忠誠込めし　剣の舞,,伊賀高原,思人,shijin,意志,-
im11027656,【東方ニコ楽祭・思人】悲しき人形,切っ先や　「ここは通さぬ！」　強き意志,,のこののこの,思人,shijin,意志,-
im11027656,【東方ニコ楽祭・思人】悲しき人形,その刃　宿るは忠義　固き意志,赤きメイドは　主の趣味,和風海苔,思人,shijin,意志,-
im11027656,【東方ニコ楽祭・思人】悲しき人形,覚悟はできて？『ここから先は進ませぬ』　この意志こそが一番の刃,,茶芭,思人,shijin,意志,-
im11027656,【東方ニコ楽祭・思人】悲しき人形,生き様と　貫き通す　剣と意志,,残念,思人,shijin,意志,-
im11027656,【東方ニコ楽祭・思人】悲しき人形,レッド　マジック　セイバー！！,,詠み人知らず,思人,shijin,意志,-
im11027656,【東方ニコ楽祭・思人】悲しき人形,守ります　石より硬い　この意志で,,詠み人知らず,思人,shijin,意志,-
im11027656,【東方ニコ楽祭・思人】悲しき人形,甘たれの　念を散じて　意志穿つ,,蛮菓,思人,shijin,意志,-
im11027656,【東方ニコ楽祭・思人】悲しき人形,吾が意志と意地と意気地と名に懸けてここを通さずと命を賭して,,水炬,思人,shijin,意志,-
im11027656,【東方ニコ楽祭・思人】悲しき人形,剣を取り　己の意思を　確かめる,主の御身　守るに足るか,諸星一,思人,shijin,意志,-
im11027656,【東方ニコ楽祭・思人】悲しき人形,鋭い目　剣の様に　冷ややかで,見つめる意志は　瞬殺にて,アジャストリーマ,思人,shijin,意志,-
im11028013,【東方ニコ楽祭・思人】アナタの心にキャプチャーウェブ☆,愛の歌　届けて落とす　恋の病,,和風海苔,思人,shijin,歌,-
im11028013,【東方ニコ楽祭・思人】アナタの心にキャプチャーウェブ☆,落ちて後　心に絡む　君の歌,,伊賀高原,思人,shijin,歌,-
im11028013,【東方ニコ楽祭・思人】アナタの心にキャプチャーウェブ☆,歌声は心に響き魅了され　これが噂の『恋の病』,,茶芭,思人,shijin,歌,-
im11028013,【東方ニコ楽祭・思人】アナタの心にキャプチャーウェブ☆,Vサイン　楽しんでおいきと　響く歌,心に絡みつく　旋律の糸,のこののこの,思人,shijin,歌,-
im11028013,【東方ニコ楽祭・思人】アナタの心にキャプチャーウェブ☆,地の底で　スポットライトを　浴びる蜘蛛,歌って踊れる　アイドルヤマメ,たこLOVE,思人,shijin,歌,-
im11028013,【東方ニコ楽祭・思人】アナタの心にキャプチャーウェブ☆,歌詞にある　赤い糸って　俺の事？,,残念,思人,shijin,歌,-
im11028013,【東方ニコ楽祭・思人】アナタの心にキャプチャーウェブ☆,くものいと　アイドルともに　はるかなれ,,詠み人知らず,思人,shijin,歌,-
im11028013,【東方ニコ楽祭・思人】アナタの心にキャプチャーウェブ☆,恋のシナプス　弾ける歌が　ニューロン巡り,アンコール‼,蛮菓,思人,shijin,歌,-
im11028013,【東方ニコ楽祭・思人】アナタの心にキャプチャーウェブ☆,歌うたひ山峰の如く盛り上がれ頂き目指す蜘蛛のアイドル,,水炬,思人,shijin,歌,-
im11028013,【東方ニコ楽祭・思人】アナタの心にキャプチャーウェブ☆,忘れし地で　彼女は歌う　地底を照らす,新しき夜明け,煤足,思人,shijin,歌,-
im11028013,【東方ニコ楽祭・思人】アナタの心にキャプチャーウェブ☆,何不称誉地底姫　麗舞風姿　逸曲清吟震京師,艶美　艶美（詞牌 　慶宣和）,詠み人知らず,思人,shijin,歌,-
im11028013,【東方ニコ楽祭・思人】アナタの心にキャプチャーウェブ☆,流行病と　アイドルブーム　ともに大きな,波が来る,3waves,思人,shijin,歌,-
im11028139,【東方ニコ楽祭・思人】紅魔館のメイド,刃より　星飛ばしたい　メイドさん,,伊賀高原,思人,shijin,刃,-
im11028139,【東方ニコ楽祭・思人】紅魔館のメイド,琴線を　恋の刃で　滅多刺し,もう再起不能　あなたの虜,茶芭,思人,shijin,刃,-
im11028139,【東方ニコ楽祭・思人】紅魔館のメイド,刻動き　刃舞い飛び　敵を討つ,その姿まさに　瀟洒なり,和風海苔,思人,shijin,刃,-
im11028139,【東方ニコ楽祭・思人】紅魔館のメイド,白刃前に　交われど　時よ止まれと,希う　瀟洒なメイド 　バチコン☆と　ウインク一つ　致命傷,蛮菓,思人,shijin,刃,-
im11028139,【東方ニコ楽祭・思人】紅魔館のメイド,間違えば　守る武器とて　降り掛かり,主に刺さる　自滅の刃,残念,思人,shijin,刃,-
im11028139,【東方ニコ楽祭・思人】紅魔館のメイド,この笑顔つはものと知る恐ろしき　あなたに向ける最後の刃,,水炬,思人,shijin,刃,-
im11028139,【東方ニコ楽祭・思人】紅魔館のメイド,瀟洒なる　無数の刃と　時の術,その目に映るは　敵か主か,煤足,思人,shijin,刃,-
im11028139,【東方ニコ楽祭・思人】紅魔館のメイド,気が付けば　無数の刃　時遅し,避けられるかは　あなた次第よ,アジャストリーマ,思人,shijin,刃,-
im11028282,【東方ニコ楽祭・思人】メイドの休日,メイドさん　オフはワイルド　アウトドア,,和風海苔,思人,shijin,夢咲,-
im11028282,【東方ニコ楽祭・思人】メイドの休日,旅路にて　目の毒なるは　ラフメイド,,伊賀高原,思人,shijin,夢咲,-
im11028282,【東方ニコ楽祭・思人】メイドの休日,旅先で　出逢ったあなたに　ひとめぼれ,これは運命　結婚しましょう,茶芭,思人,shijin,夢咲,-
im11028282,【東方ニコ楽祭・思人】メイドの休日,秋旅行　出会ってしまった　ハーフパンツ,,詠み人知らず,思人,shijin,夢咲,-
im11028282,【東方ニコ楽祭・思人】メイドの休日,夏の海　服を着たまま　水遊び,,詠み人知らず,思人,shijin,夢咲,-
im11028282,【東方ニコ楽祭・思人】メイドの休日,瞬きの　夏に揺れたる　梔子へ,折に触れゆく　旅愁の心,蛮菓,思人,shijin,夢咲,-
im11028282,【東方ニコ楽祭・思人】メイドの休日,時知らず行く先知らず一人旅　浮き木に乗るも風に任せて,,水炬,思人,shijin,夢咲,-
im11028282,【東方ニコ楽祭・思人】メイドの休日,旅先で　出会いし貴方　ただ願う,一期一会の　時よ止まれと,残念,思人,shijin,夢咲,-
im11028282,【東方ニコ楽祭・思人】メイドの休日,心地良い　今日の旅は　秋めいて,まだ見ぬ世界　見渡しきるまで,アジャストリーマ,思人,shijin,夢咲,-
im11028308,【東方ニコ楽祭・思人】夢幻伝説,奇才なり　赤き十字架　目を見張り,誰が呼んだか　いちごクロス,和風海苔,思人,shijin,才,-
im11028308,【東方ニコ楽祭・思人】夢幻伝説,才走り　革命起こすは　苺服,,伊賀高原,思人,shijin,才,-
im11028308,【東方ニコ楽祭・思人】夢幻伝説,最新の科学の力を集めても　推し量れない才の大きさ,,茶芭,思人,shijin,才,-
im11028308,【東方ニコ楽祭・思人】夢幻伝説,才一色　取り揃えたら　赤備え,,蛮菓,思人,shijin,才,-
im11028308,【東方ニコ楽祭・思人】夢幻伝説,真理追う　能ある学者　才隠さず,,諸星一,思人,shijin,才,-
im11028308,【東方ニコ楽祭・思人】夢幻伝説,天才は　常に非才と　紙一重,,アジャストリーマ,思人,shijin,才,-
im11028308,【東方ニコ楽祭・思人】夢幻伝説,投票は　才色兼備な　教授に入れます,だからお願い　単位ください！！,期待値０,思人,shijin,才,-
im11028308,【東方ニコ楽祭・思人】夢幻伝説,十字架を　背負いし天才　夢見るは,理(ことわり)外の　魔力証明,残念,思人,shijin,才,-
im11028524,【東方ニコ楽祭・思人】ミケちゃん(雨ver),濡れる猫　拭いし先に　虹かかる,,伊賀高原,思人,shijin,雨、虹,-
im11028524,【東方ニコ楽祭・思人】ミケちゃん(雨ver),ゆくりなく　そらのみだれも　全てよし,降る雨なくして　かかる虹なし,たこLOVE,思人,shijin,雨、虹,-
im11028524,【東方ニコ楽祭・思人】ミケちゃん(雨ver),顔洗う　猫の雨乞い　虹招く,,和風海苔,思人,shijin,雨、虹,-
im11028524,【東方ニコ楽祭・思人】ミケちゃん(雨ver),雨雲は　風に流れて　いつかの郷へ,時に激しく　時にやさしく,緋畑,思人,shijin,雨、虹,-
im11028524,【東方ニコ楽祭・思人】ミケちゃん(雨ver),雨降れど　いつかはあがり　虹架かる,心模様も　一様なるべし,茶芭,思人,shijin,雨、虹,-
im11028524,【東方ニコ楽祭・思人】ミケちゃん(雨ver),雨降れど　虹に微笑む　招き猫,それにつけても　金の欲しさよ,残念,思人,shijin,雨、虹,-
im11028524,【東方ニコ楽祭・思人】ミケちゃん(雨ver),千金の　虹をかければ　小雨とて,大判振舞う　浮世の風情,蛮菓,思人,shijin,雨、虹,-
im11028524,【東方ニコ楽祭・思人】ミケちゃん(雨ver),招き術　雨天決行　後日風邪,,煤足,思人,shijin,雨、虹,-
im11028524,【東方ニコ楽祭・思人】ミケちゃん(雨ver),雨降れど　心はまるで　虹の様,輝く気持ち　客呼び寄せて,アジャストリーマ,思人,shijin,雨、虹,-
im11028796,【東方ニコ楽祭・思人】騒霊達の鎮魂歌,賑やかに　音の嵐を　振り撒いて,毎度ソーリー　我ら騒霊,和風海苔,思人,shijin,音,-
im11028796,【東方ニコ楽祭・思人】騒霊達の鎮魂歌,騒いでも　苦しくならぬ　霊の音,,伊賀高原,思人,shijin,音,-
im11028796,【東方ニコ楽祭・思人】騒霊達の鎮魂歌,100や1000の言葉より音を鳴らしてみましょ♪　ほら君の心まで優しく響くメロディ♪,,茶芭,思人,shijin,音,-
im11028796,【東方ニコ楽祭・思人】騒霊達の鎮魂歌,響かせろ　ドレミファ騒霊　クインテット,,のこののこの,思人,shijin,音,-
im11028796,【東方ニコ楽祭・思人】騒霊達の鎮魂歌,賑やかな　音色と笑顔　あるならば,亡者も人も　この際問わぬ,残念,思人,shijin,音,-
im11028796,【東方ニコ楽祭・思人】騒霊達の鎮魂歌,電飾と　楽器の鳴るる　街の秋,,詠み人知らず,思人,shijin,音,-
im11028796,【東方ニコ楽祭・思人】騒霊達の鎮魂歌,大人しく？　なんてできない！　大・音・霊♪,,蛮菓,思人,shijin,音,-
im11028796,【東方ニコ楽祭・思人】騒霊達の鎮魂歌,曝け出せ！　音はなにより　自分色,足を鳴らして　声響かせて,諸星一,思人,shijin,音,-
im11028796,【東方ニコ楽祭・思人】騒霊達の鎮魂歌,叫び声　激しき音楽　鳴り止まぬ,響く音色は　心も揺らぐ,アジャストリーマ,思人,shijin,音,-
im11029170,【東方ニコ楽祭・思人】が・・・がお～(〃>艸<〃),じゃれつくは　月より丸い　狼さん,,伊賀高原,思人,shijin,月、狼,-
im11029170,【東方ニコ楽祭・思人】が・・・がお～(〃>艸<〃),月満ちて　狼娘　モフ度増す,,和風海苔,思人,shijin,月、狼,-
im11029170,【東方ニコ楽祭・思人】が・・・がお～(〃>艸<〃),今はもう　おとなしくなった狼さん　逆狼になっちゃおーかなー,,茶芭,思人,shijin,月、狼,-
im11029170,【東方ニコ楽祭・思人】が・・・がお～(〃>艸<〃),月明かり　照らす足元　影が差す,振り向き見れば　可愛い狼,たこLOVE,思人,shijin,月、狼,-
im11029170,【東方ニコ楽祭・思人】が・・・がお～(〃>艸<〃),お嬢さん　こんな夜更けに　危ないよ,共に行きますと　送り狼,残念,思人,shijin,月、狼,-
im11029170,【東方ニコ楽祭・思人】が・・・がお～(〃>艸<〃),秋の夜　月とオオカミ　ガオーする,,詠み人知らず,思人,shijin,月、狼,-
im11029170,【東方ニコ楽祭・思人】が・・・がお～(〃>艸<〃),月と共　氷オオカミ　現れる,,詠み人知らず,思人,shijin,月、狼,-
im11029170,【東方ニコ楽祭・思人】が・・・がお～(〃>艸<〃),抒情詩の　語りて曰く　毛皮の如き,芒の穂先　ホントかな？,蛮菓,思人,shijin,月、狼,-
im11029170,【東方ニコ楽祭・思人】が・・・がお～(〃>艸<〃),今昔同輝満月光　八月風涼　但聴咆声一孤狼　谷響　谷響 　（詞牌　慶宣和）,謝謝你的精彩詩篇。　我的遠海盟友，請告訴我你的名字。,SABA,思人,shijin,月、狼,-
im11029170,【東方ニコ楽祭・思人】が・・・がお～(〃>艸<〃),影落とす　今宵の月に　照らされて,美しき美女　獣と化して,アジャストリーマ,思人,shijin,月、狼,-
im11029205,【東方ニコ楽祭・思人】おなかぷにぷに♡【9月7日はルーチルの日】,お腹撫で　互いに照れる　バカップル,,和風海苔,思人,shijin,腹,-
im11029205,【東方ニコ楽祭・思人】おなかぷにぷに♡【9月7日はルーチルの日】,いちゃいちゃと　階段上る　ガキ2人,,伊賀高原,思人,shijin,腹,-
im11029205,【東方ニコ楽祭・思人】おなかぷにぷに♡【9月7日はルーチルの日】,言わずとも　闇が渦巻く　腹の中,,残念,思人,shijin,腹,-
im11029205,【東方ニコ楽祭・思人】おなかぷにぷに♡【9月7日はルーチルの日】,「うらやましぃ〜」　腹撫で昂る　悪戯心,,のこののこの,思人,shijin,腹,-
im11029205,【東方ニコ楽祭・思人】おなかぷにぷに♡【9月7日はルーチルの日】,ｷｬｯｷｬｳﾌﾌ♪と　じゃれ合いいちゃつく　百合の間に,交ぜてくれ,茶芭,思人,shijin,腹,-
im11029205,【東方ニコ楽祭・思人】おなかぷにぷに♡【9月7日はルーチルの日】,おしておし　ルーミアおなか　ゆびなぞる,,詠み人知らず,思人,shijin,腹,-
im11029205,【東方ニコ楽祭・思人】おなかぷにぷに♡【9月7日はルーチルの日】,チアガール　運動会で　見せ場だよ,,詠み人知らず,思人,shijin,腹,-
im11029205,【東方ニコ楽祭・思人】おなかぷにぷに♡【9月7日はルーチルの日】,問題は　うまみ少ない　はらたいら,,蛮菓,思人,shijin,腹,-
im11029205,【東方ニコ楽祭・思人】おなかぷにぷに♡【9月7日はルーチルの日】,腹痛は　冷やすとイケナイ　なで回す,君のせいだよ　残念ながら,ジュジュ,思人,shijin,腹,-
im11029205,【東方ニコ楽祭・思人】おなかぷにぷに♡【9月7日はルーチルの日】,闇の中　一筋の光　それは腹,,煤足,思人,shijin,腹,-
im11029205,【東方ニコ楽祭・思人】おなかぷにぷに♡【9月7日はルーチルの日】,ほうここか　腹が貴方の　弱点か,触られた闇　赤みを増して,アジャストリーマ,思人,shijin,腹,-
im11029205,【東方ニコ楽祭・思人】おなかぷにぷに♡【9月7日はルーチルの日】,ここがへそ　へーそーなのかー　へそなのか,,残念,思人,shijin,腹,-
im11029205,【東方ニコ楽祭・思人】おなかぷにぷに♡【9月7日はルーチルの日】,熱いおへそ　チラ見せ繋いでも　今は無駄だよ,邪魔する奴は　指先一つで 　ダウンさ,3waves,思人,shijin,腹,-
im11029205,【東方ニコ楽祭・思人】おなかぷにぷに♡【9月7日はルーチルの日】,さむいとき　おなか出ていて　ぽんぽこりん,,詠み人知らず,思人,shijin,腹,-
im11029205,【東方ニコ楽祭・思人】おなかぷにぷに♡【9月7日はルーチルの日】,へそ出しで　みんな仲間よ　チアダンス,,詠み人知らず,思人,shijin,腹,-
im11029673,【東方ニコ楽祭・思人】暑さ寒さも彼岸まで,夕暮れに　花振り向いて　色紅く,,伊賀高原,思人,shijin,花,-
im11029673,【東方ニコ楽祭・思人】暑さ寒さも彼岸まで,暑さ去り　唐紅に　辺り染め,花も散りよう　終焉の季節(とき),和風海苔,思人,shijin,花,-
im11029673,【東方ニコ楽祭・思人】暑さ寒さも彼岸まで,君恋し　思い伝えて　待つ夕べ,秋の彼岸の　花の言の葉,たこLOVE,思人,shijin,花,-
im11029673,【東方ニコ楽祭・思人】暑さ寒さも彼岸まで,ただ人に　思い告げられ　うれしくも,答える言葉の　あるべくもあらず,たこLOVE(上とセットです),思人,shijin,花,-
im11029673,【東方ニコ楽祭・思人】暑さ寒さも彼岸まで,曼珠沙華　中に佇む　一輪の花,,のこののこの,思人,shijin,花,-
im11029673,【東方ニコ楽祭・思人】暑さ寒さも彼岸まで,じゃのめと　百花繚乱　うつくしき,,詠み人知らず,思人,shijin,花,-
im11029673,【東方ニコ楽祭・思人】暑さ寒さも彼岸まで,塚の上　燃える天地に　包まれて,花は知るのか　帰りの道を,緋畑,思人,shijin,花,-
im11029673,【東方ニコ楽祭・思人】暑さ寒さも彼岸まで,彼誰に　咲く言の葉は　数多有れど,彼岸の花の　知る由もなし,蛮菓,思人,shijin,花,-
im11029673,【東方ニコ楽祭・思人】暑さ寒さも彼岸まで,暑さにて　散る花あれば　寒くても,咲く花ありと　秋空乙女,ジュジュ,思人,shijin,花,-
im11029673,【東方ニコ楽祭・思人】暑さ寒さも彼岸まで,一面の　情熱の赤　彼岸花,赤舞台に立つ　見返り美人,茶芭,思人,shijin,花,-
im11029673,【東方ニコ楽祭・思人】暑さ寒さも彼岸まで,その身にて　四季を表し　花の妖,日暮れの空に　燃ゆる瞳,煤足,思人,shijin,花,-
im11029673,【東方ニコ楽祭・思人】暑さ寒さも彼岸まで,彼岸花　中でも目立つ　紅一点,振り向きたるは　美しきかな,アジャストリーマ,思人,shijin,花,-
im11029673,【東方ニコ楽祭・思人】暑さ寒さも彼岸まで,恋塚の　花を手折れば　彼岸行き,幽かに香る　我が悲願なり,期待値０,思人,shijin,花,-
im11029673,【東方ニコ楽祭・思人】暑さ寒さも彼岸まで,秋彼岸　ひとり佇む　夕暮れに,花より燃ゆる　我が想いかな,残念,思人,shijin,花,-
im11029674,【東方ニコ楽祭・思人】『霊知の太陽信仰』,地の底に　昇る太陽　空見えぬ,,伊賀高原,思人,shijin,,-
im11029674,【東方ニコ楽祭・思人】『霊知の太陽信仰』,我が思人　其の身に宿すは　神の核,,自由突破,思人,shijin,,-
im11029674,【東方ニコ楽祭・思人】『霊知の太陽信仰』,地を焦がす　神の炎を　操りて,今日もお仕事　レッツ核融合♪,和風海苔,思人,shijin,,-
im11029674,【東方ニコ楽祭・思人】『霊知の太陽信仰』,かくゆうごう　うでにひかるは　ロックバスター,,詠み人知らず,思人,shijin,,-
im11029674,【東方ニコ楽祭・思人】『霊知の太陽信仰』,火遊びも　相手見てから　おやりなさいよ,火傷じゃすまぬ　八咫烏,残念,思人,shijin,,-
im11029674,【東方ニコ楽祭・思人】『霊知の太陽信仰』,八尺の　大輪咲かす　核牡丹,烏天決行　いざ御覧じろ,蛮菓,思人,shijin,,-
im11029674,【東方ニコ楽祭・思人】『霊知の太陽信仰』,夏の陽に　負けじと熱き　科学の火,,詠み人知らず,思人,shijin,,-
im11029674,【東方ニコ楽祭・思人】『霊知の太陽信仰』,八咫烏　その身に宿りし　得た力,地底を照らす　君は太陽,茶芭,思人,shijin,,-
im11029674,【東方ニコ楽祭・思人】『霊知の太陽信仰』,地霊殿　奥底にいる　黒き鳥,彼女はまさに　第二の太陽,アジャストリーマ,思人,shijin,,-
im11029771,【東方ニコ楽祭・思人】あ～ん♪【9月8日はチルエタの日】,罪作り　昨日ルーミア　今日ラルバ,明日も誰かと　甘いひととき,和風海苔,思人,shijin,甘い,-
im11029771,【東方ニコ楽祭・思人】あ～ん♪【9月8日はチルエタの日】,思い人　フォーク差し出し　甘い顔,,伊賀高原,思人,shijin,甘い,-
im11029771,【東方ニコ楽祭・思人】あ～ん♪【9月8日はチルエタの日】,蝶と氷(ひょう)　明日は貴女と　差し出すは,甘いバトンと　女将の笑み,のこののこの,思人,shijin,甘い,-
im11029771,【東方ニコ楽祭・思人】あ～ん♪【9月8日はチルエタの日】,あまがみと　髪型変えた　チルノさん,,詠み人知らず,思人,shijin,甘い,-
im11029771,【東方ニコ楽祭・思人】あ～ん♪【9月8日はチルエタの日】,おふたりで　食欲の秋　満喫中,,詠み人知らず,思人,shijin,甘い,-
im11029771,【東方ニコ楽祭・思人】あ～ん♪【9月8日はチルエタの日】,甘無料（かんむりょう）　乙女の集う　幻想郷（ユートピア）,,蛮菓,思人,shijin,甘い,-
im11029771,【東方ニコ楽祭・思人】あ～ん♪【9月8日はチルエタの日】,蜜吸いは　蝶の特権と　言うなかれ,甘い指先　眺めるものぞ,ジュジュ,思人,shijin,甘い,-
im11029771,【東方ニコ楽祭・思人】あ～ん♪【9月8日はチルエタの日】,2人して　人目気にせず　甘い時間,見ているこっちも　口元ほころぶ,茶芭,思人,shijin,甘い,-
im11029771,【東方ニコ楽祭・思人】あ～ん♪【9月8日はチルエタの日】,甘い物　食べてる時が　幸せだ,,残念,思人,shijin,甘い,-
im11029771,【東方ニコ楽祭・思人】あ～ん♪【9月8日はチルエタの日】,チルノさん　甘い言葉は　メッですよ,誘惑に負け　アイスを頼む,アジャストリーマ,思人,shijin,甘い,-
im11029790,【東方ニコ楽祭・思人】推され慣れない組長さん,照れ隠し　吼えて火を吹く　ガ○ラかな？,クール崩れて　ポンコツ可愛い,和風海苔,思人,shijin,赤,-
im11029790,【東方ニコ楽祭・思人】推され慣れない組長さん,赤裸々な　赤心伝わり　赤い顔,赤熱を帯びて　赤い火を吹く,たこLOVE,思人,shijin,赤,-
im11029790,【東方ニコ楽祭・思人】推され慣れない組長さん,あの人の　思いぶつかり　赤甲羅,,伊賀高原,思人,shijin,赤,-
im11029790,【東方ニコ楽祭・思人】推され慣れない組長さん,「よしなさい！」　吉ん弔(きんちょう)八千慧の　初告られ,,のこののこの,思人,shijin,赤,-
im11029790,【東方ニコ楽祭・思人】推され慣れない組長さん,すいされて　いかりでかおが　あかのいろ,,詠み人知らず,思人,shijin,赤,-
im11029790,【東方ニコ楽祭・思人】推され慣れない組長さん,あかいろは　秋の葉でなく　お顔かな,,詠み人知らず,思人,shijin,赤,-
im11029790,【東方ニコ楽祭・思人】推され慣れない組長さん,亀ならば　隠せたのにと　赤ら顔,されど組長　面子は立てる,残念,思人,shijin,赤,-
im11029790,【東方ニコ楽祭・思人】推され慣れない組長さん,赤っ恥　かかせた責めを　負いなさい？,籍を入れるか　赤飯炊くか,蛮菓,思人,shijin,赤,-
im11029790,【東方ニコ楽祭・思人】推され慣れない組長さん,照れ隠し　思わずキレて　誤魔化すが,ﾊﾞﾚﾊﾞﾚなのよ　真っ赤な顔で,茶芭,思人,shijin,赤,-
im11029790,【東方ニコ楽祭・思人】推され慣れない組長さん,店主呼べ！　燃える炎と　赤き顔,これはまさしく　超激辛,アジャストリーマ,思人,shijin,赤,-
im11029790,【東方ニコ楽祭・思人】推され慣れない組長さん,組事務所　鹿が乱入　顔真っ赤,,3waves,思人,shijin,赤,-
im11029790,【東方ニコ楽祭・思人】推され慣れない組長さん,わたしかよ　急に決まって　炎吐く,,詠み人知らず,思人,shijin,赤,-
im11030015,【東方ニコ楽祭・思人】『霊知の太陽信仰』2,燦然と　きらめく笑顔　キミはお日様,,和風海苔,思人,shijin,,-
im11030015,【東方ニコ楽祭・思人】『霊知の太陽信仰』2,リボンとれちゃいましたね！　でも大丈夫！　またすぐ付くから！,,詠み人知らず,思人,shijin,,-
im11030015,【東方ニコ楽祭・思人】『霊知の太陽信仰』2,地の底に　輝く笑顔　晴れの空,,伊賀高原,思人,shijin,,-
im11030015,【東方ニコ楽祭・思人】『霊知の太陽信仰』2,いつまでも　添い遂げますと　誓いを込めて,主に渡すは　起請文 　ハァ～コリャコリャ,詠み人知らず,思人,shijin,,-
im11030015,【東方ニコ楽祭・思人】『霊知の太陽信仰』2,その起請　破った時は　あたしゃ死ねども,地獄の底へ　突き落とす,残念(↑と1セットです),思人,shijin,,-
im11030015,【東方ニコ楽祭・思人】『霊知の太陽信仰』2,目覚め手を見りゃ　空(くう)しか持たぬ　起請(リボン)はとうに,夢の中　ハァーコリャコリャ,自由突破,思人,shijin,,-
im11030015,【東方ニコ楽祭・思人】『霊知の太陽信仰』2,再び逢う日は　空(うつほ)の手を取り　縦(よ)しんば地獄も,我行かん,自由突破(同じく↑とセットです),思人,shijin,,-
im11030015,【東方ニコ楽祭・思人】『霊知の太陽信仰』2,リボンとり　笑顔がステキ　核融合,,詠み人知らず,思人,shijin,,-
im11030015,【東方ニコ楽祭・思人】『霊知の太陽信仰』2,熱けれど　揺蕩（たゆた）う原子の　遠花火,,美容室（マツリ）,思人,shijin,,-
im11030015,【東方ニコ楽祭・思人】『霊知の太陽信仰』2,花咲みの　夢の橘葉　常しえに,此身時じく　押し頂けり,蛮菓,思人,shijin,,-
im11030015,【東方ニコ楽祭・思人】『霊知の太陽信仰』2,形見の品と　満面の笑み　また逢うための,おまじない,茶芭,思人,shijin,,-
im11030015,【東方ニコ楽祭・思人】『霊知の太陽信仰』2,おめでとう　勝った貴方に　プレゼント,君の笑顔も　見れて嬉しい,アジャストリーマ,思人,shijin,,-
im11030200,我が良き友よ,我が友と　談笑交え　夜を明かし,語らい続き　昼を更かす,和風海苔,思人,shijin,友,-
im11030200,我が良き友よ,友会いて　知識語れば　ワイン尽く,,伊賀高原,思人,shijin,友,-
im11030200,我が良き友よ,わがとよも　ドアノブぼうし　にあうねぇ,,詠み人知らず,思人,shijin,友,-
im11030200,我が良き友よ,時は朝　友と語らう　今を愛す,永き命の　ひと時としても,たこLOVE(少し修正した),思人,shijin,友,-
im11030200,我が良き友よ,二十年　短き時よ　我と友,共に過ごした　時と比べて,残念,思人,shijin,友,-
im11030200,我が良き友よ,朝日さす　ふたりの囲む　テーブルの,酒はあけども　語りはけならむ,詠み人知らず,思人,shijin,友,-
im11030200,我が良き友よ,荒城の　夜半の月さえ　陰るとも,尚差し向う　万丈友誼,蛮菓,思人,shijin,友,-
im11030200,我が良き友よ,何気ない　友と晩酌　白む空,話は尽きず　楽しむ日々に,ジュジュ,思人,shijin,友,-
im11030200,我が良き友よ,とりとめの　ない話すら　愛おしい,気の置けない友　かけがえのない友,茶芭,思人,shijin,友,-
im11030200,我が良き友よ,月夜から　友と語りて　はや一晩,月は沈むも　2人は不沈,煤足,思人,shijin,友,-
im11030200,我が良き友よ,ゲタ（ミニ八卦炉）を鳴らして　ヤツ’（魔理沙）が来る　腰に手ぬぐい（前掛け）,ぶら下げて,3waves,思人,shijin,友,-
im11030200,我が良き友よ,友人よ　そこから始まる　晩酌は,笑みも絶えない　永き食事に,アジャストリーマ,思人,shijin,友,-
im11030200,我が良き友よ,新計画　突拍子もない　友なれど,勇む当主は　世界も回す,緋畑,思人,shijin,友,-
im11030200,我が良き友よ,帽子あり　ふたりで徹夜　まだ寝ない,,詠み人知らず,思人,shijin,友,-
im11030263,【東方ニコ楽祭・思人】休み時間【9月9日はチルノの日】,鐘が鳴り　皆が集まり　取り囲む,モテるあたいに　休み無しってね！,和風海苔,思人,shijin,休み,-
im11030263,【東方ニコ楽祭・思人】休み時間【9月9日はチルノの日】,囲まれて　当ててるのよと　夢気分,,伊賀高原,思人,shijin,休み,-
im11030263,【東方ニコ楽祭・思人】休み時間【9月9日はチルノの日】,ひるやすみ　みんなで食べる　おべんとう,,詠み人知らず,思人,shijin,休み,-
im11030263,【東方ニコ楽祭・思人】休み時間【9月9日はチルノの日】,あきじかん　いつものつれと　パトロール,,詠み人知らず,思人,shijin,休み,-
im11030263,【東方ニコ楽祭・思人】休み時間【9月9日はチルノの日】,おむねのる　あたいのあたまも　⑨（きゅう）けいじょ？,,のこののこの,思人,shijin,休み,-
im11030263,【東方ニコ楽祭・思人】休み時間【9月9日はチルノの日】,夏休み　終われば揃う　五人組,,残念,思人,shijin,休み,-
im11030263,【東方ニコ楽祭・思人】休み時間【9月9日はチルノの日】,考えれば　実質休む　ことになる？,試してみたら　似て非なるもの,蛮菓,思人,shijin,休み,-
im11030263,【東方ニコ楽祭・思人】休み時間【9月9日はチルノの日】,氷精に　休む間もなく　訪れる,過ぎ去る日々を　みんな忘れず,ジュジュ,思人,shijin,休み,-
im11030263,【東方ニコ楽祭・思人】休み時間【9月9日はチルノの日】,他愛ない　いつもの5人の　休み時間,今日の放課後　なにして遊ぶ？,茶芭,思人,shijin,休み,-
im11030263,【東方ニコ楽祭・思人】休み時間【9月9日はチルノの日】,休み時間　何しようか　話し合い,決まった時は　もう授業,アジャストリーマ,思人,shijin,休み,-
im11030263,【東方ニコ楽祭・思人】休み時間【9月9日はチルノの日】,休みどき　氷妖精　来たならば,「あなたは違う　学校でしょ？」,3waves,思人,shijin,休み,-
im11030263,【東方ニコ楽祭・思人】休み時間【9月9日はチルノの日】,学校に　みんなあつまれ　幻想郷,,詠み人知らず,思人,shijin,休み,-
im11030424,【東方ニコ楽祭・思人】冥界の剣士,御剣を　振るいて歩む　我が道は,主が為と　忠誓う,和風海苔,思人,shijin,剣,-
im11030424,【東方ニコ楽祭・思人】冥界の剣士,美しき　桜と舞いし　剣の夢,,伊賀高原,思人,shijin,剣,-
im11030424,【東方ニコ楽祭・思人】冥界の剣士,妖々と　月夜を照らす　秋の水,,自由突破,思人,shijin,剣,-
im11030424,【東方ニコ楽祭・思人】冥界の剣士,あきひかる　つきよのばんの　かたなかな,,詠み人知らず,思人,shijin,剣,-
im11030424,【東方ニコ楽祭・思人】冥界の剣士,易々と　やられる気なし　妖夢ちゃん,一位は譲らぬ　真剣勝負,残念,思人,shijin,剣,-
im11030424,【東方ニコ楽祭・思人】冥界の剣士,宵月の照らす　美し剣と　無垢なる瞳,,のこののこの,思人,shijin,剣,-
im11030424,【東方ニコ楽祭・思人】冥界の剣士,月輪に　冴える心の　水鏡,剣と士　いざ刃傷に,蛮菓,思人,shijin,剣,-
im11030424,【東方ニコ楽祭・思人】冥界の剣士,刮目せよ！連続一位は伊達じゃない！！押すに押されぬ美少女剣士,,茶芭,思人,shijin,剣,-
im11030424,【東方ニコ楽祭・思人】冥界の剣士,いつの日か　この剣よりも　長身に,主君守れる　一人前に,諸星一,思人,shijin,剣,-
im11030424,【東方ニコ楽祭・思人】冥界の剣士,修行した　私の剣技　ご覧あれ,切り裂く技は　まるで舞のよう,アジャストリーマ,思人,shijin,剣,-
im11030424,【東方ニコ楽祭・思人】冥界の剣士,横一閃　ながれるような　けんさばき,,詠み人知らず,思人,shijin,剣,-
im11030555,【東方ニコ楽祭・思人】楽園の蝶,待宵の　七色の羽　輝けば,破壊の目と目の　交わる夜,のこののこの,思人,shijin,,-
im11030555,【東方ニコ楽祭・思人】楽園の蝶,こんなにも　綺麗に輝く　悪魔の目,,伊賀高原,思人,shijin,,-
im11030555,【東方ニコ楽祭・思人】楽園の蝶,名月や　胡蝶探して　廿年,運命狂わす　その羽ばたきを,緋畑,思人,shijin,,-
im11030555,【東方ニコ楽祭・思人】楽園の蝶,敵を倒すだけなら、バーサーカーで事足りるのに、天使の心が残ってる。もともと敵対する種族同士ではないということか。,,詠み人知らず,思人,shijin,,-
im11030555,【東方ニコ楽祭・思人】楽園の蝶,月影に　舞い踊るは　紅二つ,縛る術無き　狂喜交え,和風海苔,思人,shijin,,-
im11030555,【東方ニコ楽祭・思人】楽園の蝶,巫女さんも　会ってみなけりゃ　分からぬものよ,どっちが鬼やら　悪魔やら,残念,思人,shijin,,-
im11030555,【東方ニコ楽祭・思人】楽園の蝶,秋深し　夜空に紅まう　月見かな,,残念,思人,shijin,,-
im11030555,【東方ニコ楽祭・思人】楽園の蝶,私たち　お揃いなのね　ふたりとも,結界の中に　ひとりぼっちだし,諸星一,思人,shijin,,-
im11030555,【東方ニコ楽祭・思人】楽園の蝶,結界巫女　囚われている？　手を伸ばす,貴方は自由？　無理な話ね,ジュジュ,思人,shijin,,-
im11030555,【東方ニコ楽祭・思人】楽園の蝶,夢破れても　砕けるなかれ　空を掴んだ,この手では,蛮菓,思人,shijin,,-
im11030555,【東方ニコ楽祭・思人】楽園の蝶,あの日の夜　巡り出逢った　楽園の蝶,手に入れたいと　想い焦がれて,茶芭,思人,shijin,,-
im11030555,【東方ニコ楽祭・思人】楽園の蝶,待っていた　私の望む　鬼巫女よ,どうかそのまま　私と遊んで,アジャストリーマ,思人,shijin,,-
im11030555,【東方ニコ楽祭・思人】楽園の蝶,われさきと　秋の月夜に　上昇す,,詠み人知らず,思人,shijin,,-
im11030581,【東方ニコ楽祭・思人】始まりの幻想郷,境界を　隔て生まれし　その地こそ,神々恋せし　幻想の郷,和風海苔,思人,shijin,,-
im11030581,【東方ニコ楽祭・思人】始まりの幻想郷,八雲立つ　八重の遠方　幻想郷,夢と現の　八重雲に隠る,たこLOVE(元ネタは当然日本最古の和歌),思人,shijin,,-
im11030581,【東方ニコ楽祭・思人】始まりの幻想郷,鳥居立つ　何も隔てぬ　郷の上,,伊賀高原,思人,shijin,,-
im11030581,【東方ニコ楽祭・思人】始まりの幻想郷,見ています　この楽園を　いつまでも,,いぬたろう,思人,shijin,,-
im11030581,【東方ニコ楽祭・思人】始まりの幻想郷,八千種も　はれて縁起の　引き出物,八千代の末も　語り種たれ,蛮菓,思人,shijin,,-
im11030581,【東方ニコ楽祭・思人】始まりの幻想郷,忘られぬ　想いを全て受け入れる　幻想郷は最後の楽園,,茶芭,思人,shijin,,-
im11030581,【東方ニコ楽祭・思人】始まりの幻想郷,我立つは　神と人との　境界線,,残念,思人,shijin,,-
im11030581,【東方ニコ楽祭・思人】始まりの幻想郷,あらどうも　そう言う彼女は　なぜだろう,遠い未来に　歩いた記憶,アジャストリーマ記憶,思人,shijin,,-
im11030581,【東方ニコ楽祭・思人】始まりの幻想郷,鳥居うえ　結界調整　ゆかり秋,,詠み人知らず,思人,shijin,,-
im11030621,【東方ニコ楽祭・思人】霊夢大好きフランちゃん,あぁ霊夢　そうよその目よ　愛おしい,,いぬたろう,思人,shijin,,-
im11030621,【東方ニコ楽祭・思人】霊夢大好きフランちゃん,人妖を　片っ端から　ぶちのめす,傍若無人　憧れの巫女,和風海苔,思人,shijin,,-
im11030621,【東方ニコ楽祭・思人】霊夢大好きフランちゃん,これよこれ！　全てを破壊し　その瞳！！,,のこののこの,思人,shijin,,-
im11030621,【東方ニコ楽祭・思人】霊夢大好きフランちゃん,頬染めて　思人に魅入る　思人かな,,自由突破,思人,shijin,,-
im11030621,【東方ニコ楽祭・思人】霊夢大好きフランちゃん,フランさん　霊夢に惚れて　赤面す,,詠み人知らず,思人,shijin,,-
im11030621,【東方ニコ楽祭・思人】霊夢大好きフランちゃん,あかいのは　葉かホッペタか　どちらかな,,詠み人知らず,思人,shijin,,-
im11030621,【東方ニコ楽祭・思人】霊夢大好きフランちゃん,20年　夢想続けた　破壊の目,,伊賀高原,思人,shijin,,-
im11030621,【東方ニコ楽祭・思人】霊夢大好きフランちゃん,わたしでも　為し得ぬ力　巫女さんは,心の壁すら　破壊してきた,緋畑,思人,shijin,,-
im11030621,【東方ニコ楽祭・思人】霊夢大好きフランちゃん,紅サソリ　箱入りごしの　見初め糸,,美容室（マツリ）,思人,shijin,,-
im11030621,【東方ニコ楽祭・思人】霊夢大好きフランちゃん,紅　と　秘弾の想い,滲む瞳に　純真と 　遊戯天生　紅い瞳に,ジュジュ,思人,shijin,,-
im11030621,【東方ニコ楽祭・思人】霊夢大好きフランちゃん,これだから　やめられないわ　生きること！,貴女が舞台を　去るその日まで,蛮菓,思人,shijin,,-
im11030621,【東方ニコ楽祭・思人】霊夢大好きフランちゃん,人妖の　隔たりもなく　交わりて,浮かぶ想いは　悲喜交交,茶芭,思人,shijin,,-
im11030621,【東方ニコ楽祭・思人】霊夢大好きフランちゃん,カリスマが　姉より勝る　赤き巫女,,残念,思人,shijin,,-
im11030621,【東方ニコ楽祭・思人】霊夢大好きフランちゃん,かっこいい　過去見た霊夢　強すぎて,今の霊夢は　物足りなくて,アジャストリーマ,思人,shijin,,-
im11030621,【東方ニコ楽祭・思人】霊夢大好きフランちゃん,これよこれ　行くも帰るも　我が推しは,知るも知らぬも　博霊の眼に,3waves丸,思人,shijin,,-
im11030720,【東方ニコ楽祭・思人】こ ま く た 山 如,面白き　恋の駆け引き　覗き見て,今宵のツマミ　酒が美味い,和風海苔,思人,shijin,かけ,-
im11030720,【東方ニコ楽祭・思人】こ ま く た 山 如,煙吹き　札に想いを　かけ合わす,,伊賀高原,思人,shijin,かけ,-
im11030720,【東方ニコ楽祭・思人】こ ま く た 山 如,すべて賭け　その場で朽ちる　愚か者,,残念,思人,shijin,かけ,-
im11030720,【東方ニコ楽祭・思人】こ ま く た 山 如,賭けで大敗　防ぐ秘訣は　動かざること,山の如し,たこLOVE,思人,shijin,かけ,-
im11030720,【東方ニコ楽祭・思人】こ ま く た 山 如,賭けで勝ちたきゃ　激しく責めろ　動かざるもの,勝つ道理なし,たこLOVE,思人,shijin,かけ,-
im11030720,【東方ニコ楽祭・思人】こ ま く た 山 如,秋草や　おろかものどもが　ナズの札,,美容室（マツリ）,思人,shijin,かけ,-
im11030720,【東方ニコ楽祭・思人】こ ま く た 山 如,こまくたに　命を賭ける　山女郎,勝てない賭けは　しない主義でね,諸星一,思人,shijin,かけ,-
im11030720,【東方ニコ楽祭・思人】こ ま く た 山 如,一銭の　徳を重ねた　御丈も,掛け違えれば　種も残らず,蛮菓,思人,shijin,かけ,-
im11030720,【東方ニコ楽祭・思人】こ ま く た 山 如,賭け事の　ひりつく一瞬　病みつきに,他では得難い　生きてる実感,茶芭,思人,shijin,かけ,-
im11030720,【東方ニコ楽祭・思人】こ ま く た 山 如,これ流行る　命を賭して　カプ(絵)を出す,流行ったのは　発言者の幻想入り後,煤足,思人,shijin,かけ,-
im11030720,【東方ニコ楽祭・思人】こ ま く た 山 如,賭け事は　もうやるまいと　足洗う,疑うのなら　賭けても良いぞ,残念,思人,shijin,かけ,-
im11030720,【東方ニコ楽祭・思人】こ ま く た 山 如,賭けてみな　かけ合わせた仲　おいかけて,駆け上がってく　こま×くたか,アジャストリーマ,思人,shijin,かけ,-
im11031117,【東方ニコ楽祭・思人】六合に浮かぶ星合ひ相対す先の笑顔は思ひ弛むかな,中秋の　月を枕に　笑み交わす,,伊賀高原,思人,shijin,『嬉しい』や『楽しい』に関する表現、若しくは『２人』に関連する表現,-
im11031117,【東方ニコ楽祭・思人】六合に浮かぶ星合ひ相対す先の笑顔は思ひ弛むかな,夢の中　月を抱いて　眠り入り,二人楽しく　同じ夢見る,和風海苔,思人,shijin,『嬉しい』や『楽しい』に関する表現、若しくは『２人』に関連する表現,-
im11031117,【東方ニコ楽祭・思人】六合に浮かぶ星合ひ相対す先の笑顔は思ひ弛むかな,嬉し顔　白く照らすは　月あかり,夢をみるまま　夜はふけゆく,緋畑,思人,shijin,『嬉しい』や『楽しい』に関する表現、若しくは『２人』に関連する表現,-
im11031117,【東方ニコ楽祭・思人】六合に浮かぶ星合ひ相対す先の笑顔は思ひ弛むかな,シラサギの　槐安途絶えし　月の下,,美容室（マツリ）,思人,shijin,『嬉しい』や『楽しい』に関する表現、若しくは『２人』に関連する表現,-
im11031117,【東方ニコ楽祭・思人】六合に浮かぶ星合ひ相対す先の笑顔は思ひ弛むかな,微睡みに　身動く昵懇　愛念と,夜寒結ぶ手　何想ふかな,ジュジュ,思人,shijin,『嬉しい』や『楽しい』に関する表現、若しくは『２人』に関連する表現,-
im11031117,【東方ニコ楽祭・思人】六合に浮かぶ星合ひ相対す先の笑顔は思ひ弛むかな,あなたと一緒に　居られるならば　夢の世界も,楽しいわ♪,茶芭,思人,shijin,『嬉しい』や『楽しい』に関する表現、若しくは『２人』に関連する表現,-
im11031117,【東方ニコ楽祭・思人】六合に浮かぶ星合ひ相対す先の笑顔は思ひ弛むかな,二人には　言葉なくとも　通じ合い,夢にも見るは　楽しき時間,残念,思人,shijin,『嬉しい』や『楽しい』に関する表現、若しくは『２人』に関連する表現,-
im11031117,【東方ニコ楽祭・思人】六合に浮かぶ星合ひ相対す先の笑顔は思ひ弛むかな,今すぐに　速く寝たくて　しかたない,今宵も君と　会えるのだから,アジャストリーマ,思人,shijin,『嬉しい』や『楽しい』に関する表現、若しくは『２人』に関連する表現,-
im11031117,【東方ニコ楽祭・思人】六合に浮かぶ星合ひ相対す先の笑顔は思ひ弛むかな,爪音が　寄り添う歓喜　弾き語り,銀盤巡る　サイレンの海,蛮菓,思人,shijin,『嬉しい』や『楽しい』に関する表現、若しくは『２人』に関連する表現,-
im11031250,【東方ニコ楽祭・思人】恋娘,呼び止めて　夕暮れ染まる　君の顔,しどろもどろに　想いで染めて,和風海苔,思人,shijin,恋、氷,-
im11031250,【東方ニコ楽祭・思人】恋娘,恋の精　熱さ伝える　霧の暮れ,,伊賀高原,思人,shijin,恋、氷,-
im11031250,【東方ニコ楽祭・思人】恋娘,氷でも　冷めることなき　恋の熱,,残念,思人,shijin,恋、氷,-
im11031250,【東方ニコ楽祭・思人】恋娘,どうしよう　恋は燃えるって　慧音が言った,もしキスしたら　溶けちゃうのかな,諸星一,思人,shijin,恋、氷,-
im11031250,【東方ニコ楽祭・思人】恋娘,朝ぼらけ　きゅうと極まる　紅い靄（もや）,,美容室（マツリ）,思人,shijin,恋、氷,-
im11031250,【東方ニコ楽祭・思人】恋娘,みあうまま　時告げ鳥を　待つばかり,氷翠を湛う　淡雪の恋,蛮菓,思人,shijin,恋、氷,-
im11031250,【東方ニコ楽祭・思人】恋娘,初めての　想いを知った　恋娘,恋する氷精　無敵最強,茶芭,思人,shijin,恋、氷,-
im11031250,【東方ニコ楽祭・思人】恋娘,朝焼けに　照る氷翼の　恋娘,,のこののこの,思人,shijin,恋、氷,-
im11031250,【東方ニコ楽祭・思人】恋娘,氷精も　赤く染まる　恋心,冷たい君と　熱い思いと,アジャストリーマ,思人,shijin,恋、氷,-
im11031663,【東方ニコ楽祭・思人】三途の川の渡し守,船の前　死ななきゃ見れぬ　美女の笑み,,伊賀高原,思人,shijin,船,-
im11031663,【東方ニコ楽祭・思人】三途の川の渡し守,渡し船　彼の地に送る　魂は,先立ちし者へ　寄り添う者ぞ,和風海苔,思人,shijin,船,-
im11031663,【東方ニコ楽祭・思人】三途の川の渡し守,らっしゃーせー　三途の船旅　六文です,,たこLOVE,思人,shijin,船,-
im11031663,【東方ニコ楽祭・思人】三途の川の渡し守,笑い合い　川面で踊る　船旅は,君と二人の　片道切符,諸星一,思人,shijin,船,-
im11031663,【東方ニコ楽祭・思人】三途の川の渡し守,秋彼岸　見送り無しの　船路かな,,美容室（マツリ）,思人,shijin,船,-
im11031663,【東方ニコ楽祭・思人】三途の川の渡し守,小町よと　船頭に問う　真っ赤な君,白玉向かう　わが思ふ人は 　小野小町,ジュジュ,思人,shijin,船,-
im11031663,【東方ニコ楽祭・思人】三途の川の渡し守,愛しのあの娘は朝寝坊　畏れ知らずの不可な酒　泣いて笑った船の旅,さらば愛しき唄小町,蛮菓,思人,shijin,船,-
im11031663,【東方ニコ楽祭・思人】三途の川の渡し守,良い船で　三途の川を　渡りたい,それにつけても　銭の欲しさよ,詠み人知らず,思人,shijin,船,-
im11031663,【東方ニコ楽祭・思人】三途の川の渡し守,せめて彼岸に着くまでは　船に揺られて望むまま　あなたの声を聴かせてください,,茶芭,思人,shijin,船,-
im11031663,【東方ニコ楽祭・思人】三途の川の渡し守,六文は　彼女に変わり　舟はこぐ,岸へ着くまで　あたいと話そう,アジャストリーマ,思人,shijin,船,-
im11031663,【東方ニコ楽祭・思人】三途の川の渡し守,あたしゃ船頭　心配いらぬ　棹の扱い,御手の物,残念,思人,shijin,船,-
im11031663,【東方ニコ楽祭・思人】三途の川の渡し守,川の向こうの人に、まだ来ちゃダメだと言われたので、もどることにした。,,詠み人知らず,思人,shijin,船,-
im11031663,【東方ニコ楽祭・思人】三途の川の渡し守,渡し舟　船頭さんは　小町かな,,詠み人知らず,思人,shijin,船,-
im11031709,【東方ニコ楽祭・思人】火焔猫燐,この先も　ずっと2人で　歩んでく,目指すは輪廻の　終着点さ 　(にゃははん♪),茶芭,思人,shijin,りん,-
im11031709,【東方ニコ楽祭・思人】火焔猫燐,りんりんと　鈴鳴れば来る　お燐ちゃん,,伊賀高原,思人,shijin,りん,-
im11031709,【東方ニコ楽祭・思人】火焔猫燐,りんと鳴る　夜中の電話　お燐なら,どれほど良きか　涙に暮れる,残念,思人,shijin,りん,-
im11031709,【東方ニコ楽祭・思人】火焔猫燐,気まぐれに　彷徨い遊び　巡り着く,ここは楽しい　おりんりんランド♪,和風海苔,思人,shijin,りん,-
im11031709,【東方ニコ楽祭・思人】火焔猫燐,手を叩く　膝においでよ　子猫ちゃん,鈴が無くても　「りん」と鳴るきみ,諸星一,思人,shijin,りん,-
im11031709,【東方ニコ楽祭・思人】火焔猫燐,地霊殿　ペットの食費で　火の車,,たこLOVE,思人,shijin,りん,-
im11031709,【東方ニコ楽祭・思人】火焔猫燐,くつろぎ中　ほころぶ君の　「か」お(顔)に「え」み(笑み),たまら「ん」仕草に　「びょう」(秒)で堕ち,のこののこの,思人,shijin,りん,-
im11031709,【東方ニコ楽祭・思人】火焔猫燐,降臨だ　隣人集う　鈴なりに,地底に降りん　この輪にのりこめー＾＾,緋畑,思人,shijin,りん,-
im11031709,【東方ニコ楽祭・思人】火焔猫燐,燐光を　見なして想う　その笑顔,凛ある声で　輪をまわして,ジュジュ,思人,shijin,りん,-
im11031709,【東方ニコ楽祭・思人】火焔猫燐,空回ったり　パンクをしても　キミの為なら,大車輪,蛮菓,思人,shijin,りん,-
im11031709,【東方ニコ楽祭・思人】火焔猫燐,呼んだかい？　振り向く燐は　嬉しそう,だって貴方に　頼られたから,アジャストリーマ,思人,shijin,りん,-
im11031841,【東方ニコ楽祭・思人】モリガン風小悪魔,妖艶に　夜を彩る　夢魔小悪魔,,和風海苔,思人,shijin,,-
im11031841,【東方ニコ楽祭・思人】モリガン風小悪魔,妖艶に　今宵舞うは　夢魔小悪魔,,和風海苔,思人,shijin,,-
im11031841,【東方ニコ楽祭・思人】モリガン風小悪魔,紅に　誘う淫魔　飛ぶ月夜,,伊賀高原,思人,shijin,,-
im11031841,【東方ニコ楽祭・思人】モリガン風小悪魔,雄誘う　華の芳香　艶やかに,獣を食らう　やさしい悪魔,諸星一,思人,shijin,,-
im11031841,【東方ニコ楽祭・思人】モリガン風小悪魔,狂宴や　月夜に騒ぐ　魔界の血,,詠み人知らず,思人,shijin,,-
im11031841,【東方ニコ楽祭・思人】モリガン風小悪魔,小善の　夢想が生むは　大悪魔,,蛮菓,思人,shijin,,-
im11031841,【東方ニコ楽祭・思人】モリガン風小悪魔,誘惑に負けて差し出す魂は　見通されてる己の煩悩,,茶芭,思人,shijin,,-
im11031841,【東方ニコ楽祭・思人】モリガン風小悪魔,これってさ　小悪魔じゃなく　魅魔じゃね？（サキュバス的な意味で）,,3waves,思人,shijin,,-
im11031841,【東方ニコ楽祭・思人】モリガン風小悪魔,図書館に　置いて貰えぬ　薄い本,そこで深夜の　同人ソムリエ,残念,思人,shijin,,-
im11031841,【東方ニコ楽祭・思人】モリガン風小悪魔,誘惑は　深い闇へと　誘われ,戻れなくする　快楽への道,アジャストリーマ,思人,shijin,,-
im11031889,【東方ニコ楽祭・思人】推し【東方人気投票支援】,華やかに　クラスメイトは　衣装替え,⑨インテメイド　あなたに御奉仕♡,和風海苔,思人,shijin,メイドに関係あるもの,-
im11031889,【東方ニコ楽祭・思人】推し【東方人気投票支援】,欲望を　世界に晒す　萌えメイド,,伊賀高原,思人,shijin,メイドに関係あるもの,-
im11031889,【東方ニコ楽祭・思人】推し【東方人気投票支援】,昼間から　桃色満ちる　俺の城,花も果実も　よりどりみどり,諸星一,思人,shijin,メイドに関係あるもの,-
im11031889,【東方ニコ楽祭・思人】推し【東方人気投票支援】,大胆な　魅惑メイドの　ルックスに,理性壊され　ちゅっちゅっちゅ♡,のこののこの,思人,shijin,メイドに関係あるもの,-
im11031889,【東方ニコ楽祭・思人】推し【東方人気投票支援】,冥土IN　家賃水道　光熱費,萌え尽きるほど　最高に廃,蛮菓,思人,shijin,メイドに関係あるもの,-
im11031889,【東方ニコ楽祭・思人】推し【東方人気投票支援】,御主人と　長くなるのは　付き合いで,短くなるは　スカートの丈,残念,思人,shijin,メイドに関係あるもの,-
im11031889,【東方ニコ楽祭・思人】推し【東方人気投票支援】,ハーレムやん！これぞ望んだ桃源郷！！ご奉仕○○○○！！！　○○○○○○！！！！（自主規制）,,茶芭,思人,shijin,メイドに関係あるもの,-
im11031889,【東方ニコ楽祭・思人】推し【東方人気投票支援】,ご奉仕を　目でも萌えも　メイドたち,,アジャストリーマ,思人,shijin,メイドに関係あるもの,-
im11031889,【東方ニコ楽祭・思人】推し【東方人気投票支援】,みえている　なにがだよとは　いわないが,,詠み人知らず,思人,shijin,メイドに関係あるもの,-
im11032336,【東方ニコ楽祭・思人】『ナズーリン大変身！？』,こうすれば　ﾊﾊｯと笑って　許すだろう,,伊賀高原,思人,shijin,笑,-
im11032336,【東方ニコ楽祭・思人】『ナズーリン大変身！？』,まだ甘い　松〇しげる　もっと黒い,,和風海苔,思人,shijin,笑,-
im11032336,【東方ニコ楽祭・思人】『ナズーリン大変身！？』,チュベリバと　ファンデも萌ゆる　自棄（やけ）ネズミ,,美容室（マツリ）,思人,shijin,笑,-
im11032336,【東方ニコ楽祭・思人】『ナズーリン大変身！？』,あまりにも　変わった姿と　そのギャップ,我慢できない　こんなん笑うわｗｗｗ,茶芭,思人,shijin,笑,-
im11032336,【東方ニコ楽祭・思人】『ナズーリン大変身！？』,自分では　見えないんだが　こっち見て,押し殺す笑いが　とても気になる,茶芭,思人,shijin,笑,-
im11032336,【東方ニコ楽祭・思人】『ナズーリン大変身！？』,これも喜捨かと　ほろ苦笑い　ただし船長,サメの餌,蛮菓,思人,shijin,笑,-
im11032336,【東方ニコ楽祭・思人】『ナズーリン大変身！？』,村紗のメイクに　聖＆星(ひじしょう)失笑　鏡見たナズ,何思う,自由突破,思人,shijin,笑,-
im11032336,【東方ニコ楽祭・思人】『ナズーリン大変身！？』,命蓮寺　お洒落キャプテン　自信作,来年のメイク　これが来るわよ,残念,思人,shijin,笑,-
im11032336,【東方ニコ楽祭・思人】『ナズーリン大変身！？』,ケバさ増す　これも今では　笑い事,,アジャストリーマ,思人,shijin,笑,-
im11032336,【東方ニコ楽祭・思人】『ナズーリン大変身！？』,チョコレート味に、なっちゃた！！,,詠み人知らず,思人,shijin,笑,-
im11032351,【東方ニコ楽祭・思人】『3みこ』,幻想郷　みこの威光は　凄まじい,,伊賀高原,思人,shijin,,-
im11032351,【東方ニコ楽祭・思人】『3みこ』,1人でみこ！　2人でみこみこ！　3人も,揃ったならば　牙を剥くッ！？,和風海苔,思人,shijin,,-
im11032351,【東方ニコ楽祭・思人】『3みこ』,私たち(霊夢)　三人揃って(神子)　みみこさん！(早苗),,のこののこの,思人,shijin,,-
im11032351,【東方ニコ楽祭・思人】『3みこ』,よく見たら　これも東方　信号機,,たこLOVE,思人,shijin,,-
im11032351,【東方ニコ楽祭・思人】『3みこ』,「あれ？1人　役職じゃなくて名前じゃん！」アイドルデビュー『3みこ』爆誕！！,,茶芭,思人,shijin,,-
im11032351,【東方ニコ楽祭・思人】『3みこ』,霊廟の　威厳下がるぞ　合わせみこ,,蛮菓,思人,shijin,,-
im11032351,【東方ニコ楽祭・思人】『3みこ』,みこみこや　ああみこみこや　みこみこや,,3waves,思人,shijin,,-
im11032351,【東方ニコ楽祭・思人】『3みこ』,太子様　仏教推進　どこへらや,,残念,思人,shijin,,-
im11032351,【東方ニコ楽祭・思人】『3みこ』,みこ並び　導く光　いざ入信,,アジャストリーマ,思人,shijin,,-
im11032351,【東方ニコ楽祭・思人】『3みこ』,みこみっこ　あなたはだれを　えらぶっこ,,詠み人知らず,思人,shijin,,-
im11032405,【東方ニコ楽祭・思人】舞い落ちた兎,どこいても　杵に染み付く　宿命かな,,伊賀高原,思人,shijin,,-
im11032405,【東方ニコ楽祭・思人】舞い落ちた兎,モク吸いて　戦場後に　何思う,,和風海苔,思人,shijin,,-
im11032405,【東方ニコ楽祭・思人】舞い落ちた兎,ひと仕事　終えて燻らす　紫煙かな,,残念,思人,shijin,,-
im11032405,【東方ニコ楽祭・思人】舞い落ちた兎,舞い落ちた　世界にひとり　残されて,不安かき消し　煙燻らせ,茶芭,思人,shijin,,-
im11032405,【東方ニコ楽祭・思人】舞い落ちた兎,シケモクも　シケたツラには　お誂え,つれえばかりの　渡世の仁義,蛮菓,思人,shijin,,-
im11032405,【東方ニコ楽祭・思人】舞い落ちた兎,戦場にゃ　月も地上も　ありゃしねえ,血しぶき煙って　はいっ、おっしまい,諸星一,思人,shijin,,-
im11032405,【東方ニコ楽祭・思人】舞い落ちた兎,敵の目も　煙の痛みも　届かない,永久に閉じた　その右目には,煤足,思人,shijin,,-
im11032405,【東方ニコ楽祭・思人】舞い落ちた兎,舞下りず　落ちきる姿　穢れきる,薄汚れていく　畜生のよう,アジャストリーマ,思人,shijin,,-
im11032461,【東方ニコ楽祭・思人】永遠の琳,永遠に生き　守護するは　姫想いて,,和風海苔,思人,shijin,永遠,-
im11032461,【東方ニコ楽祭・思人】永遠の琳,姫守る　永遠(とわ)に誓うは　月の頭脳,,のこののこの,思人,shijin,永遠,-
im11032461,【東方ニコ楽祭・思人】永遠の琳,かっこいい！,,詠み人知らず,思人,shijin,永遠,-
im11032461,【東方ニコ楽祭・思人】永遠の琳,悠久の　生を支うは　永遠の想い,,伊賀高原,思人,shijin,永遠,-
im11032461,【東方ニコ楽祭・思人】永遠の琳,ニコ楽祭　一句詠もうと　絵を眺めるも,余りの清きに　言葉を失う,たこLOVE,思人,shijin,永遠,-
im11032461,【東方ニコ楽祭・思人】永遠の琳,永遠の長き月日を生きていく　この穢れた地で　罪人として,とうの昔に覚悟は済んだ　後悔はない 　あなたとならば,茶芭,思人,shijin,永遠,-
im11032461,【東方ニコ楽祭・思人】永遠の琳,あめつちに　弓張月の　ひかり射す,よの暗闇に　迷わぬようにと,たこLOVE,思人,shijin,永遠,-
im11032461,【東方ニコ楽祭・思人】永遠の琳,この罪が　許されるとは　思わぬが,それでも誓う　永遠の贖罪,残念,思人,shijin,永遠,-
im11032461,【東方ニコ楽祭・思人】永遠の琳,弓張の　月が返すは　矢の心,かねての思い　永遠に番えて,蛮菓,思人,shijin,永遠,-
im11032461,【東方ニコ楽祭・思人】永遠の琳,アンコール　永遠に止まぬ　姫の声,,煤足,思人,shijin,永遠,-
im11032461,【東方ニコ楽祭・思人】永遠の琳,放つ矢は　月より超えて　永遠に飛べ,,アジャストリーマ,思人,shijin,永遠,-
im11032461,【東方ニコ楽祭・思人】永遠の琳,つきとおし　いまではアース　やごころよ,,詠み人知らず,思人,shijin,永遠,-
im11032782,【東方ニコ楽祭・思人】いらっしゃい、歓迎するわ,ドール舞う　その美々しさは　夢なるか,,伊賀高原,思人,shijin,人、形,-
im11032782,【東方ニコ楽祭・思人】いらっしゃい、歓迎するわ,人招き　我が家が舞台で　御持て成し,,和風海苔,思人,shijin,人、形,-
im11032782,【東方ニコ楽祭・思人】いらっしゃい、歓迎するわ,客人を　茶で持て成すは　絡繰りよ,,残念,思人,shijin,人、形,-
im11032782,【東方ニコ楽祭・思人】いらっしゃい、歓迎するわ,迷い人も　お茶とお菓子で　大歓迎,人形も一緒に　サービスサービス♪,茶芭,思人,shijin,人、形,-
im11032782,【東方ニコ楽祭・思人】いらっしゃい、歓迎するわ,寄ってらっしゃい　見てらっしゃい　お茶とお菓子と,お人形,蛮菓,思人,shijin,人、形,-
im11032782,【東方ニコ楽祭・思人】いらっしゃい、歓迎するわ,森深く　七色魔女の　もてなしは,茶菓子とお茶と　小さな軍団,諸星一,思人,shijin,人、形,-
im11032782,【東方ニコ楽祭・思人】いらっしゃい、歓迎するわ,絡繰りの　踊る人形　ご奉公,森の深くに　不思議の国よ,緋畑,思人,shijin,人、形,-
im11032782,【東方ニコ楽祭・思人】いらっしゃい、歓迎するわ,もてなすは　人形のような　魔法使い,,アジャストリーマ,思人,shijin,人、形,-
im11032782,【東方ニコ楽祭・思人】いらっしゃい、歓迎するわ,まのいとで　ずっとおドール　さいごまで,,詠み人知らず,思人,shijin,人、形,-
im11032841,【東方ニコ楽祭・思人】人魚の歌,人恋し　誘いを歌う　マーメイド,,伊賀高原,思人,shijin,歌,-
im11032841,【東方ニコ楽祭・思人】人魚の歌,霧の中　湖畔彩る　その歌は,人魚姫の　恋の調べか,和風海苔,思人,shijin,歌,-
im11032841,【東方ニコ楽祭・思人】人魚の歌,美しき　歌の声音に魅了され　セイレーンの歌？いやマーメイドの歌♪,,茶芭,思人,shijin,歌,-
im11032841,【東方ニコ楽祭・思人】人魚の歌,征く人の　森のせせらぎ　耳にして,姿を見せず　誰がため歌う,諸星一,思人,shijin,歌,-
im11032841,【東方ニコ楽祭・思人】人魚の歌,あわ歌の　バブルリングで　プロポーズ,,蛮菓,思人,shijin,歌,-
im11032841,【東方ニコ楽祭・思人】人魚の歌,その歌に　聞き惚れたなら　命取り,,3waves,思人,shijin,歌,-
im11032841,【東方ニコ楽祭・思人】人魚の歌,歌に乗せ　だいじな事を　伝えたい,魚食べると　頭良くなる,残念,思人,shijin,歌,-
im11032841,【東方ニコ楽祭・思人】人魚の歌,マーメイド　歌う弾幕　綺麗かな,,アジャストリーマ,思人,shijin,歌,-
im11032841,【東方ニコ楽祭・思人】人魚の歌,にんぎょひめ　こえをうばわれ　にんげんに,,詠み人知らず,思人,shijin,歌,-
im11032841,【東方ニコ楽祭・思人】人魚の歌,うたごえは　ふねをまよわす　まめいどう,,詠み人知らず,思人,shijin,歌,-
im11033175,【東方ニコ楽祭・思人】今も昔も変わらない、きっとこの先も,背を合わす　死をも別てぬ　永遠の友,,伊賀高原,思人,shijin,友,-
im11033175,【東方ニコ楽祭・思人】今も昔も変わらない、きっとこの先も,舞い踊ろう　今生越えても　友は在り,,和風海苔,思人,shijin,友,-
im11033175,【東方ニコ楽祭・思人】今も昔も変わらない、きっとこの先も,謎多き　永遠なる友と　見つめ合い,笑顔の奥は　嘘か誠か,諸星一,思人,shijin,友,-
im11033175,【東方ニコ楽祭・思人】今も昔も変わらない、きっとこの先も,幾つもの　かけがえのない　瞬間を,重ね合わた　会心の友,蛮菓,思人,shijin,友,-
im11033175,【東方ニコ楽祭・思人】今も昔も変わらない、きっとこの先も,ただ一緒に在れること　それだけで心強くなる　友の存在,あなたにとって私も　そうでありたい,茶芭,思人,shijin,友,-
im11033175,【東方ニコ楽祭・思人】今も昔も変わらない、きっとこの先も,二人には　境はいらぬ　仲の友,,残念,思人,shijin,友,-
im11033175,【東方ニコ楽祭・思人】今も昔も変わらない、きっとこの先も,踊り舞う　笑顔の友と　楽しい自分,,アジャストリーマ,思人,shijin,友,-
im11033175,【東方ニコ楽祭・思人】今も昔も変わらない、きっとこの先も,えいえんに　としをとらない　すばらしさ,,詠み人知らず,思人,shijin,友,-
im11033210,【東方ニコ楽祭・思人】月見といえば…,お月見に　何食べルー？　揉めに揉め,そんなことより　おうどんたべたい,和風海苔,思人,shijin,月見,-
im11033210,【東方ニコ楽祭・思人】月見といえば…,時下り　月見の様も　移ろうか,,伊賀高原,思人,shijin,月見,-
im11033210,【東方ニコ楽祭・思人】月見といえば…,お月見の　黄身が溢れて　押され気味,明日の君は　太り気味かも,蛮菓,思人,shijin,月見,-
im11033210,【東方ニコ楽祭・思人】月見といえば…,きでさん、ご参加ありがとうございます(≧▽≦),,SABA,思人,shijin,月見,-
im11033210,【東方ニコ楽祭・思人】月見といえば…,団子にバーガー！？　いやいやいやいや　やっぱりそこは,蕎麦でしょう（そんなことより　おうどん食べたい）,茶芭,思人,shijin,月見,-
im11033210,【東方ニコ楽祭・思人】月見といえば…,視覚より　味覚優先　月見かな,,残念,思人,shijin,月見,-
im11033210,【東方ニコ楽祭・思人】月見といえば…,クラウンピース「さあみんな　いっしょにやろう　ランランルー」,,3waves,思人,shijin,月見,-
im11033210,【東方ニコ楽祭・思人】月見といえば…,月見食べ　こっち食えよと　あおりんご,されど教祖にゃ　敵わんウサ,のこののこの,思人,shijin,月見,-
im11033210,【東方ニコ楽祭・思人】月見といえば…,月見だよ！　花、団子より　バーガーよ！,,アジャストリーマ,思人,shijin,月見,-
im11033210,【東方ニコ楽祭・思人】月見といえば…,月見フェア　マクドナルドで　買いましょう,,詠み人知らず,思人,shijin,月見,-
im11033210,【東方ニコ楽祭・思人】月見といえば…,はなよりだんご、だんごよりハンバーガー。ようは、まるければいい。,,詠み人知らず,思人,shijin,月見,-
im11033354,【東方ニコ楽祭・思人】思人占いし易者,易千回　割れる運命　変わらない,,伊賀高原,思人,shijin,占、易、割,-
im11033354,【東方ニコ楽祭・思人】思人占いし易者,ネットでは　俺の評価で　界隈が,割れてて笑う　そして割られる,諸星一,思人,shijin,占、易、割,-
im11033354,【東方ニコ楽祭・思人】思人占いし易者,占術を　通じて覗いて　見た世界,浮かんできたのは　割られる未来,茶芭,思人,shijin,占、易、割,-
im11033354,【東方ニコ楽祭・思人】思人占いし易者,悩み事　易者の目には　お見通し,お答えします　我にお任せ,3waves,思人,shijin,占、易、割,-
im11033354,【東方ニコ楽祭・思人】思人占いし易者,割れ芸は　本業じゃない　オレ易者！,,和風海苔,思人,shijin,占、易、割,-
im11033354,【東方ニコ楽祭・思人】思人占いし易者,推しカプは　ふたりでひとつ　てぇてぇな,割られる易者　ひとりでふたつ,残念,思人,shijin,占、易、割,-
im11033354,【東方ニコ楽祭・思人】思人占いし易者,お前さん　気は確かかい？　この俺と,カップル割を　しようだなんて,蛮菓,思人,shijin,占、易、割,-
im11033354,【東方ニコ楽祭・思人】思人占いし易者,占いは　小娘よりも　この俺さ,実力ならば　体験済みさ,アジャストリーマ,思人,shijin,占、易、割,-
im11033354,【東方ニコ楽祭・思人】思人占いし易者,われまじん　てそうをみるよ　さいぶまで,,詠み人知らず,思人,shijin,占、易、割,-
im11033370,【東方ニコ楽祭・思人】易者の応援団！？,男性は　肩身が狭い　界隈さ,俺に続けよ　蟒蛇鬱おじ,諸星一,思人,shijin,,-
im11033370,【東方ニコ楽祭・思人】易者の応援団！？,人押すは　易より声と　学んだよ,,伊賀高原,思人,shijin,,-
im11033370,【東方ニコ楽祭・思人】易者の応援団！？,返り咲け　人気投票　二桁台！,,和風海苔,思人,shijin,,-
im11033370,【東方ニコ楽祭・思人】易者の応援団！？,頑張れオレ！　割られる未来を　乗り越えて,人気投票　順位上昇↑,茶芭,思人,shijin,,-
im11033370,【東方ニコ楽祭・思人】易者の応援団！？,立ち上がれ！　割られたなんて　くじけるな！,,3waves,思人,shijin,,-
im11033370,【東方ニコ楽祭・思人】易者の応援団！？,「一票を！」　轟け俺の　叫ぶ声,頭割れても　声は割れるな！,アジャストリーマ,思人,shijin,,-
im11033370,【東方ニコ楽祭・思人】易者の応援団！？,負けないで　リボ払い　最後まで,走り抜けて　どんなに 　膨れてても　易者は　そばにいるわ　追いかけて,残念,思人,shijin,,-
im11033370,【東方ニコ楽祭・思人】易者の応援団！？,割れんばかりの声援に　割って入るが心意気　我も我もと片割れが,粉砕！玉砕！大割祭！,蛮菓,思人,shijin,,-
im11033381,ネオンな推しキャラでニコ楽祭支援,妖踊る　げに楽しきは　祭りかな,,伊賀高原,思人,shijin,,-
im11033381,ネオンな推しキャラでニコ楽祭支援,奏でるは　ネオン旋律　推し祭り,,和風海苔,思人,shijin,,-
im11033381,ネオンな推しキャラでニコ楽祭支援,集え舞え　音色に合わせ　夢の狂奏,,諸星一,思人,shijin,,-
im11033381,ネオンな推しキャラでニコ楽祭支援,色鮮やかな　ネオンに浮かび　舞う〝推し〟達の,歌響く,茶芭,思人,shijin,,-
im11033381,ネオンな推しキャラでニコ楽祭支援,推し嫁が　ロードを照らす　レインボー,,3waves,思人,shijin,,-
im11033381,ネオンな推しキャラでニコ楽祭支援,七色の　ネオン輝き　六名が,五線で奏でる　キュートソング,残念,思人,shijin,,-
im11033381,ネオンな推しキャラでニコ楽祭支援,子供の頃に憧れた　ネオンサインの摩訶不思議（ミステリー）　さあお眠りよ子供たち,夢でみんなが待っている,蛮菓,思人,shijin,,-
im11033381,ネオンな推しキャラでニコ楽祭支援,音楽は　まるで弾幕　綺麗だね,,アジャストリーマ,思人,shijin,,-
im11033381,ネオンな推しキャラでニコ楽祭支援,あやかしが　あしあと残す　しらべうた,耳に残るは　ダテマサムネ,後方注意,思人,shijin,,-
im11033386,【東方ニコ楽祭・思人】休憩用の秘密基地,暇にて　友と語らうが　小町サボり？,,和風海苔,思人,shijin,友,-
im11033386,【東方ニコ楽祭・思人】休憩用の秘密基地,友あらば　天地の交わり　容易なり,,伊賀高原,思人,shijin,友,-
im11033386,【東方ニコ楽祭・思人】休憩用の秘密基地,職業柄　合わないところも　多いけど,意外と気が合う　お茶友達,茶芭,思人,shijin,友,-
im11033386,【東方ニコ楽祭・思人】休憩用の秘密基地,休みどき　遠くの友と　つれづれに,茶を飲み語るも　今生の愉しみ,緋畑,思人,shijin,友,-
im11033386,【東方ニコ楽祭・思人】休憩用の秘密基地,休憩に　友とお茶会　日暮れまで,上司に言い訳　お茶を濁す,残念,思人,shijin,友,-
im11033386,【東方ニコ楽祭・思人】休憩用の秘密基地,点心と　花煎を待ちし　三友庭,小町桜も　咲き揃いたる,蛮菓,思人,shijin,友,-
im11033386,【東方ニコ楽祭・思人】休憩用の秘密基地,今日は茶会　友との語らい　楽しくて,,アジャストリーマ,思人,shijin,友,-
im11033386,【東方ニコ楽祭・思人】休憩用の秘密基地,ひみつきち　みんなで食うと　うまいメシ,,詠み人知らず,思人,shijin,友,-
im11033390,【東方ニコ楽祭・思人】推し,見えずとも　心は一つ　薔薇姉妹,,伊賀高原,思人,shijin,薔薇,-
im11033390,【東方ニコ楽祭・思人】推し,薔薇散りても　姉妹の繋がり　散りはせず,心知れずも　想いは同じ,和風海苔,思人,shijin,薔薇,-
im11033390,【東方ニコ楽祭・思人】推し,お互いに　想い合えども　すれ違う,背中合わせで　色違いの薔薇,茶芭,思人,shijin,薔薇,-
im11033390,【東方ニコ楽祭・思人】推し,怖がられ　皆寄り付かぬ　薔薇の棘/,寄り付いて　無意識に刺す 　薔薇の棘,残念,思人,shijin,薔薇,-
im11033390,【東方ニコ楽祭・思人】推し,赤薔薇に　願い託せば　同じだけ,叶うなかれと　祈る青薔薇,蛮菓,思人,shijin,薔薇,-
im11033390,【東方ニコ楽祭・思人】推し,床の薔薇　私と貴方の　進む道,色々違えど　支えていくわ,アジャストリーマ,思人,shijin,薔薇,-
im11033390,【東方ニコ楽祭・思人】推し,ぜんぶバラ　うえしたのない　うつくしさ,,詠み人知らず,思人,shijin,薔薇,-
im11033404,【東方ニコ楽祭・思人】寅&卯,虎兎　年と想いの　架け橋よ,,伊賀高原,思人,shijin,,-
im11033404,【東方ニコ楽祭・思人】寅&卯,にぎやかな　虎と兎と　仲間たち,,諸星一,思人,shijin,,-
im11033404,【東方ニコ楽祭・思人】寅&卯,前門の虎　肛門の兎　座薬じゃない！,,和風海苔,思人,shijin,,-
im11033404,【東方ニコ楽祭・思人】寅&卯,接点が　無いようにみえて　仲は良い,動物繋がり　干支も隣,茶芭,思人,shijin,,-
im11033404,【東方ニコ楽祭・思人】寅&卯,鈴仙「ちょい寅や　俺の話を　聞いてくれ,5分だけいや…　2分でもいい」（寅「それじゃ寅＆龍じゃん…」）,3waves,思人,shijin,,-
im11033404,【東方ニコ楽祭・思人】寅&卯,三月半　襷を繋ぐ　虎兎,,残念,思人,shijin,,-
im11033404,【東方ニコ楽祭・思人】寅&卯,マスコット　阪神巨人も　虎兎,,(ジャビットって兎だったなぁと思いだした)和風海苔,思人,shijin,,-
im11033404,【東方ニコ楽祭・思人】寅&卯,推し事は　1分間で　アピールだ！,お礼は2回　〆は牛角,蛮菓,思人,shijin,,-
im11033404,【東方ニコ楽祭・思人】寅&卯,推しと推し　並べ合わせて　推し推しヨシ!,,アジャストリーマ,思人,shijin,,-
im11033404,【東方ニコ楽祭・思人】寅&卯,ねーうしとらうー　たつーみー♪　うまひつじさるとりいぬいー♪,,詠み人知らず,思人,shijin,,-
im11033429,【東方ニコ楽祭・思人】奇跡の巫女,常識に　とらわれない　とどめられない,美し可愛い　奇跡の美少女,茶芭,思人,shijin,美,-
im11033429,【東方ニコ楽祭・思人】奇跡の巫女,美しく　魅せるその舞い　モリヤステップ,,和風海苔,思人,shijin,美,-
im11033429,【東方ニコ楽祭・思人】奇跡の巫女,幻想に　美々しく根付く　風の苗,,伊賀高原,思人,shijin,美,-
im11033429,【東方ニコ楽祭・思人】奇跡の巫女,風纏う　純美の乙女　静やかに,祈りを捧げ　奇跡を奉ず,諸星一,思人,shijin,美,-
im11033429,【東方ニコ楽祭・思人】奇跡の巫女,一発で　奇跡の一枚　撮れる美女,,残念,思人,shijin,美,-
im11033429,【東方ニコ楽祭・思人】奇跡の巫女,君という　季節がくれた　陽だまりで,共に笑った　美しい日々,蛮菓,思人,shijin,美,-
im11033429,【東方ニコ楽祭・思人】奇跡の巫女,輝いた　美しき君　現人神,,アジャストリーマ,思人,shijin,美,-
im11033429,【東方ニコ楽祭・思人】奇跡の巫女,さなえさん　ひとにみせたい　からだかな,,詠み人知らず,思人,shijin,美,-
im11033429,【東方ニコ楽祭・思人】奇跡の巫女,うつくしき　人か場所か　幻想秋,,詠み人知らず,思人,shijin,美,-
