im9519498,楽祭ロゴ,酒呑みて　歌えや東方　楽しめば,ニコり祭りの　宴奏づる,期待値0,酒宴,syuen,-,-
im9519498,楽祭ロゴ,ロゴを見て　酒瓶見ようと　目をみやり,浮き立つ白線　東方の字,瞑想獅子,酒宴,syuen,-,-
im9519498,楽祭ロゴ,"寿げる　句々を重ねて　""よい""の宴",聞くも酒(さか)好き　重畳　々々,蛮菓,酒宴,syuen,-,-
im9519498,楽祭ロゴ,人妖集いて　盃交せば　それが宴の,開始の合図　（変化球で都々逸にしてみました）,キンジ,酒宴,syuen,-,-
im9543573,【東方ニコ楽祭・酒宴】森の宴会,銘々が　森に集いて　幻想の,<font color='red'>宴会</font>はじまり　笑顔花咲く,茶芭,酒宴,syuen,『宴会』,-
im9543573,【東方ニコ楽祭・酒宴】森の宴会,<font color='red'>宴会</font>に　笑顔萃まる　夏の森,,伊賀高原,酒宴,syuen,『宴会』,-
im9543573,【東方ニコ楽祭・酒宴】森の宴会,敷き花の　月光照らす　<font color='red'>宴会</font>と,人妖永久に　酌み交わさんと,期待値0,酒宴,syuen,『宴会』,-
im9543573,【東方ニコ楽祭・酒宴】森の宴会,人の子も　鬼も怪異も　雑じり合ひ,宴をゆげする　晩夏のひと時,水炬,酒宴,syuen,『宴会』,-
im9543573,【東方ニコ楽祭・酒宴】森の宴会,さぁ<font color='red'>宴会</font>　鬼の飲兵衛　縁萃め,揺れる瓢箪　友好の契り,瞑想獅子,酒宴,syuen,『宴会』,-
im9543573,【東方ニコ楽祭・酒宴】森の宴会,<font color='red'>宴会</font>に　愁いあらじと　蛍雪の,淡いやうれし　瞳藍の君,蛮菓,酒宴,syuen,『宴会』,-
im9543573,【東方ニコ楽祭・酒宴】森の宴会,夢まく゛ら　夢見る夢の　見せる夢,<font color='red'>宴会</font>、さた、かは　夢のまた夢,蛮菓,酒宴,syuen,『宴会』,-
im9543573,【東方ニコ楽祭・酒宴】森の宴会,<font color='red'>宴会</font>の　響きに集う　輩（ともがら）よ,盃交わし　笑顔も交せ,キンジ,酒宴,syuen,『宴会』,-
im9543573,【東方ニコ楽祭・酒宴】森の宴会,鬼娘　幾億懲りず　人萃め,酒掲げるは　<font color='red'>宴会</font>の鐘,ラウ,酒宴,syuen,『宴会』,-
im9543573,【東方ニコ楽祭・酒宴】森の宴会,人妖の　違い気にせず　酒に酔え,<font color='red'>宴会</font>始まりゃ　気にもなりゃせん,しなびたこんにゃくん,酒宴,syuen,『宴会』,-
im9555127,【東方ニコ楽祭・酒宴】花見酒,夏の夜に　咲く満開の　<font color='red'>空の花</font>,友呼びつけて飲む　空白むまで,茶芭,酒宴,syuen,『花火を肴に』『空の花』,-
im9555127,【東方ニコ楽祭・酒宴】花見酒,屋根に座し　鬼酌み交わす　<font color='red'>空の花</font>,,伊賀高原,酒宴,syuen,『花火を肴に』『空の花』,-
im9555127,【東方ニコ楽祭・酒宴】花見酒,鬼二人　夜長に咲きし　<font color='red'>空の花</font>,砕け火重ね　満たす盃,筑前煮,酒宴,syuen,『花火を肴に』『空の花』,-
im9555127,【東方ニコ楽祭・酒宴】花見酒,夏<font color='red'>空の　花</font>の下にて　酒交わす,古きよすがは　束緒の如く,水炬,酒宴,syuen,『花火を肴に』『空の花』,-
im9555127,【東方ニコ楽祭・酒宴】花見酒,刹那咲く　杯に映すは　<font color='red'>空の花</font>,過去を忘れて　明日に笑わず,期待値0,酒宴,syuen,『花火を肴に』『空の花』,-
im9555127,【東方ニコ楽祭・酒宴】花見酒,顔隠す　<font color='red'>花火を肴に</font>　酔い回り,恥捨て御免　鬼の眼に涙,瞑想獅子,酒宴,syuen,『花火を肴に』『空の花』,-
im9555127,【東方ニコ楽祭・酒宴】花見酒,傍族（そばがら）の腕を枕に　貴伊吹(たかいびき)　そらそら<font color='red'>空の</font>,<font color='red'>花</font>もよいねぇ！,蛮菓,酒宴,syuen,『花火を肴に』『空の花』,-
im9555127,【東方ニコ楽祭・酒宴】花見酒,千両屋ァ！！　絶景かなと　叫びたり,祀る儀星ぞ　<font color='red'>花火を肴に</font>,蛮菓,酒宴,syuen,『花火を肴に』『空の花』,-
im9555127,【東方ニコ楽祭・酒宴】花見酒,盃（さかずき）の　水面に写す　<font color='red'>空の花</font>,真夏の夜の　花見酒かな,キンジ,酒宴,syuen,『花火を肴に』『空の花』,-
im9555127,【東方ニコ楽祭・酒宴】花見酒,屋根上で　<font color='red'>花火を肴に</font>　酌み交わし,そっと肩抱き　両の手に華,ラウ,酒宴,syuen,『花火を肴に』『空の花』,-
im9555703,In Summer 美鈴,昼間から　ビール飲んでるからでもないが　目に眩しいのは<font color='red'>夏の空</font>,貴女の姿とその笑顔,茶芭,酒宴,syuen,『夏の空』,-
im9555703,In Summer 美鈴,酒見ずに　君に酔いしる　<font color='red'>夏の空</font>,,伊賀高原,酒宴,syuen,『夏の空』,-
im9555703,In Summer 美鈴,燦燦と　輝く笑顔の　<font color='red'>夏の空</font>,酔ひしれる酒は　苦味か甘味か,水炬,酒宴,syuen,『夏の空』,-
im9555703,In Summer 美鈴,<font color='red'>夏の空</font>　背にし映えるは　涼しげに,紅靡かせ　鈴の音響く,期待値0,酒宴,syuen,『夏の空』,-
im9555703,In Summer 美鈴,<font color='red'>夏の空</font>　浮きたつ結露と　流す汗,波が奏でる　彩虹の風鈴,瞑想獅子,酒宴,syuen,『夏の空』,-
im9555703,In Summer 美鈴,トラ！トラ！トラ！　おハリコ泣かせの　大虎を,「とらとら」囃す　嗚呼<font color='red'>夏の空</font>,蛮菓,酒宴,syuen,『夏の空』,-
im9555703,In Summer 美鈴,<font color='red'>夏の空</font>　混ぜると危険な　ホッピング！,無駄に煽れば　トーゼンdeショウガ！！,蛮菓,酒宴,syuen,『夏の空』,-
im9555703,In Summer 美鈴,<font color='red'>夏の空</font>　こんな肌色　してたっけ？,それはそれとて　ビール飲むなり,ラウ,酒宴,syuen,『夏の空』,-
im9555703,In Summer 美鈴,太陽の　輝き強き　<font color='red'>夏の空</font>,より輝くは　麦酒か笑みか,キンジ　美鈴には夏がよく似合う,酒宴,syuen,『夏の空』,-
im9560787,青空の下で,<font color='red'>空</font>と酒　爽やぐ巫女の　風来たる,,伊賀高原,酒宴,syuen,『空』『雲』『日焼け』,-
im9560787,青空の下で,見上げれば　浮き立つ<font color='red'>空</font>の　<font color='red'>雲</font>の峰,苦き思ひ出は　酒にやありけむ,水炬,酒宴,syuen,『空』『雲』『日焼け』,-
im9560787,青空の下で,杯掲げ　<font color='red'>空</font>とか<font color='red'>雲</font>とか　<font color='red'>日焼け</font>とか,……かかってこい　酷暑ヤロー！,瞑想獅子,酒宴,syuen,『空』『雲』『日焼け』,-
im9560787,青空の下で,さぁいこう！　沖のカモメの　エール受け,あなたの為の　冒険(ひょうたん)島へ,蛮菓,酒宴,syuen,『空』『雲』『日焼け』,-
im9560787,青空の下で,青<font color='red'>空</font>の　下で佇む　巫女ひとり,夏をしのぶる　酒に忘れじ,期待値0,酒宴,syuen,『空』『雲』『日焼け』,-
im9560787,青空の下で,幻想の　夏風祝　翔る南風,,筑前煮,酒宴,syuen,『空』『雲』『日焼け』,-
im9560787,青空の下で,生きていく　世界を違えど　見上げれば,あの頃にも見た　同じ青と白,茶芭(SABA),酒宴,syuen,『空』『雲』『日焼け』,-
im9560787,青空の下で,この虚<font color='red'>空</font>（そら）は　旅立つ貴方の　祝い風☆,０００(りそう）の先の　健康体（げんそうきょう）へ,蛮菓,酒宴,syuen,『空』『雲』『日焼け』,-
im9560787,青空の下で,<font color='red'>空</font>の青は　あの日と同じ　違うのは,大人の味を　知る己なり,キンジ,酒宴,syuen,『空』『雲』『日焼け』,-
im9560787,青空の下で,<font color='red'>空</font>の下　グイっと一杯　早苗さん,,ラウ,酒宴,syuen,『空』『雲』『日焼け』,-
im9561933,【東方ニコ楽祭・酒宴】櫺子から　差し込む光を　御肴に,<font color='red'>あけぼの</font>に　盃光り　夢終わり,,伊賀高原,酒宴,syuen,『(明け方の表現）』『（夕方の表現）』,櫺子から　差し込む光を　御肴に
im9561933,【東方ニコ楽祭・酒宴】櫺子から　差し込む光を　御肴に,<font color='purple'>櫺子から　差し込む光を　御肴に,獏と語らう　夏の<font color='red'>暁</font>,伊賀高原,酒宴,syuen,『(明け方の表現）』『（夕方の表現）』,櫺子から　差し込む光を　御肴に
im9561933,【東方ニコ楽祭・酒宴】櫺子から　差し込む光を　御肴に,片割れを　あやかし明かす　今時分,"面と""むかえ""ば　あら、<font color='red'>朝ぼらけ</font>？",蛮菓,酒宴,syuen,『(明け方の表現）』『（夕方の表現）』,櫺子から　差し込む光を　御肴に
im9561933,【東方ニコ楽祭・酒宴】櫺子から　差し込む光を　御肴に,<font color='purple'>櫺子から　差し込む光を　御肴に,<font color='red'>朝な朝な</font>に　夢の通い路,（詠み人知らず）,酒宴,syuen,『(明け方の表現）』『（夕方の表現）』,櫺子から　差し込む光を　御肴に
im9561933,【東方ニコ楽祭・酒宴】櫺子から　差し込む光を　御肴に,<font color='purple'>櫺子から　差し込む光を　御肴に,<font color='red'>ありあけ</font>の月も　あかなくに　<font color='red'>ゆうぐれ</font>の月を　待ち出でつるかな,期待値0,酒宴,syuen,『(明け方の表現）』『（夕方の表現）』,櫺子から　差し込む光を　御肴に
im9561933,【東方ニコ楽祭・酒宴】櫺子から　差し込む光を　御肴に,<font color='purple'>櫺子から　差し込む光を　御肴に,獏と語らう　夏の赤月か天道　夢に問いかけ,瞑想獅子,酒宴,syuen,『(明け方の表現）』『（夕方の表現）』,櫺子から　差し込む光を　御肴に
im9561933,【東方ニコ楽祭・酒宴】櫺子から　差し込む光を　御肴に,<font color='red'>暮れ合い</font>て　迎える時は　夢と月,,筑前煮,酒宴,syuen,『(明け方の表現）』『（夕方の表現）』,櫺子から　差し込む光を　御肴に
im9561933,【東方ニコ楽祭・酒宴】櫺子から　差し込む光を　御肴に,「眩しいわ　<font color='red'>朝焼け</font>の性」と　目を伏せる,<font color='red'>夕映え</font>に似た　貴方の横顔,蛮菓,酒宴,syuen,『(明け方の表現）』『（夕方の表現）』,櫺子から　差し込む光を　御肴に
im9561933,【東方ニコ楽祭・酒宴】櫺子から　差し込む光を　御肴に,<font color='red'>西の空　夜明け</font>を告げる　赤き星,獅子の瞳か　風来坊か　あなたの夢の　最愛の侵略,蛮菓,酒宴,syuen,『(明け方の表現）』『（夕方の表現）』,櫺子から　差し込む光を　御肴に
im9561933,【東方ニコ楽祭・酒宴】櫺子から　差し込む光を　御肴に,<font color='red'>ありあけ</font>の　空と思えば　太陽だこれ！？？,,ラウ,酒宴,syuen,『(明け方の表現）』『（夕方の表現）』,櫺子から　差し込む光を　御肴に
im9561933,【東方ニコ楽祭・酒宴】櫺子から　差し込む光を　御肴に,<font color='red'>黄昏</font>て「もう帰らないと」と呟く貴女　夜半過ぎに　また逢いに行くわね,,きで,酒宴,syuen,『(明け方の表現）』『（夕方の表現）』,櫺子から　差し込む光を　御肴に
im9561933,【東方ニコ楽祭・酒宴】櫺子から　差し込む光を　御肴に,飲み交わす　互いの顔の　紅は,<font color='red'>斜陽</font>のせいか　お酒のせいか,キンジ,酒宴,syuen,『(明け方の表現）』『（夕方の表現）』,櫺子から　差し込む光を　御肴に
im9561933,【東方ニコ楽祭・酒宴】櫺子から　差し込む光を　御肴に,<font color='purple'>櫺子から　差し込む光を　御肴に,肴尽きるまで　飲み語ろうと,キンジ,酒宴,syuen,『(明け方の表現）』『（夕方の表現）』,櫺子から　差し込む光を　御肴に
im9563094,【東方ニコ楽祭・酒宴】雲居一輪の挑戦,酒渡し　三つ目が<font color='red'>見つめ</font>　背く尼,,伊賀高原,酒宴,syuen,『見つめ』『（宴会っぽい言葉）』,目を逸らし 震える手の先 忍び笑い
im9563094,【東方ニコ楽祭・酒宴】雲居一輪の挑戦,お望みの般若の薬湯、大乗水。三学あらば無味無臭、三毒あらば外面の菩薩です/仏様も観てるよ。覚悟し給え/清水知らずは魚心,,（詠み人知らず）,酒宴,syuen,『見つめ』『（宴会っぽい言葉）』,目を逸らし 震える手の先 忍び笑い
im9563094,【東方ニコ楽祭・酒宴】雲居一輪の挑戦,般若湯を　飲むなといへども　<font color='red'>見つめ</font>あふこと今は能はず。曰くいつの日か戒め給ひなむやと。,,水炬,酒宴,syuen,『見つめ』『（宴会っぽい言葉）』,目を逸らし 震える手の先 忍び笑い
im9563094,【東方ニコ楽祭・酒宴】雲居一輪の挑戦,<font color='purple'>目を逸らし　震える手の先　忍び笑い,時代親父とハイカラ少女,SABA,酒宴,syuen,『見つめ』『（宴会っぽい言葉）』,目を逸らし 震える手の先 忍び笑い
im9563094,【東方ニコ楽祭・酒宴】雲居一輪の挑戦,<font color='purple'>目を逸らし　震える手の先　忍び笑い,時代親父とハイカラ少女　多聞天　代理が詰め寄り　逆御神酒,（詠み人知らず）,酒宴,syuen,『見つめ』『（宴会っぽい言葉）』,目を逸らし 震える手の先 忍び笑い
im9563094,【東方ニコ楽祭・酒宴】雲居一輪の挑戦,已んぬる哉！　女一輪　愛・嚥下/愛煙家/哀演歌！,涙を飲んで　<font color='red'>見つめ</font>ましょうや！？,蛮菓,酒宴,syuen,『見つめ』『（宴会っぽい言葉）』,目を逸らし 震える手の先 忍び笑い
im9563094,【東方ニコ楽祭・酒宴】雲居一輪の挑戦,宴会の　ブツを取り上げ　<font color='red'>見つめ</font>寅,,ラウ,酒宴,syuen,『見つめ』『（宴会っぽい言葉）』,目を逸らし 震える手の先 忍び笑い
im9563094,【東方ニコ楽祭・酒宴】雲居一輪の挑戦,戦利品　虎に見つかり　問いただす,<font color='red'>見つめ</font>る目　ただ苦笑い,キンジ,酒宴,syuen,『見つめ』『（宴会っぽい言葉）』,目を逸らし 震える手の先 忍び笑い
im9563412,【東方ニコ楽祭・酒宴】橋の語り手,地の<font color='red'>橋</font>に　妬み忘れる　二人酒,,伊賀高原,酒宴,syuen,『橋』『盃』,-
im9563412,【東方ニコ楽祭・酒宴】橋の語り手,<font color='red'>橋</font>で飲み　視界の端に　桶流れ,,筑前煮,酒宴,syuen,『橋』『盃』,-
im9563412,【東方ニコ楽祭・酒宴】橋の語り手,<font color='red'>橋</font>守りの　<font color='red'>盃</font>片手に　岩見酒,妬み探しか　しかと見つめて,瞑想獅子,酒宴,syuen,『橋』『盃』,-
im9563412,【東方ニコ楽祭・酒宴】橋の語り手,花を飲み　人を待つらむ　<font color='red'>橋</font>守は,今か今かと　<font color='red'>盃</font>を干す,水炬,酒宴,syuen,『橋』『盃』,-
im9563412,【東方ニコ楽祭・酒宴】橋の語り手,愛<font color='red'>(は)し</font>姫の　何れはヒシと　手を組みて,<font color='red'>盃</font>交わし　愛でたし目出度し,蛮菓,酒宴,syuen,『橋』『盃』,-
im9563412,【東方ニコ楽祭・酒宴】橋の語り手,とりあえず、源平秘伝剣鯛巨匠米鶴卯兵衛の酒―…　～くまなくツギを渡すに至り～　大<font color='red'>盃</font>も久礼にて寒梅,,蛮菓,酒宴,syuen,『橋』『盃』,-
im9563412,【東方ニコ楽祭・酒宴】橋の語り手,嫉妬姫　宵酌み交わす　<font color='red'>盃</font>に,映えし緑は　地底の湖月,筑前煮,酒宴,syuen,『橋』『盃』,-
im9563412,【東方ニコ楽祭・酒宴】橋の語り手,<font color='red'>橋</font>の下　<font color='red'>盃</font>のごとく　流れたる(樽),,ラウ,酒宴,syuen,『橋』『盃』,-
im9569272,【東方ニコ楽祭・酒宴】地底の宴,剛の鬼　<font color='red'>地底</font>の産声　夏盛り,吊るした提灯　相席を覗く,瞑想獅子,酒宴,syuen,『地の底』『地底』,-
im9569272,【東方ニコ楽祭・酒宴】地底の宴,<font color='red'>地の底</font>に　光踊りて　鬼笑う,,伊賀高原,酒宴,syuen,『地の底』『地底』,-
im9569272,【東方ニコ楽祭・酒宴】地底の宴,燃える夜に　盃向けて　鬼見れば,げに美しき　<font color='red'>地底</font>の宴,伊賀高原,酒宴,syuen,『地の底』『地底』,-
im9569272,【東方ニコ楽祭・酒宴】地底の宴,"死に花も　""さける""華美(はなみ)ぞ　いとおしき",<font color='red'>地の底</font>・此処で　鬼逢いの宴,蛮菓,酒宴,syuen,『地の底』『地底』,-
im9569272,【東方ニコ楽祭・酒宴】地底の宴,御乱心！　惚れた腫れたは座頭一　此処は<font color='red'>地の底</font>、底意地張りの,一丁前なら極楽トンボ,蛮菓,酒宴,syuen,『地の底』『地底』,-
im9569272,【東方ニコ楽祭・酒宴】地底の宴,<font color='red'>地の底</font>の　旧き地獄は　今極楽,,筑前煮,酒宴,syuen,『地の底』『地底』,-
im9569272,【東方ニコ楽祭・酒宴】地底の宴,<font color='red'>地の底</font>で　佇む鬼は　例ならず,ゑみこだれるさま　傾城のごとし,水炬,酒宴,syuen,『地の底』『地底』,-
im9569272,【東方ニコ楽祭・酒宴】地底の宴,<font color='red'>地の底</font>で　底無しまでに　呑み続ける,,ラウ,酒宴,syuen,『地の底』『地底』,-
im9569272,【東方ニコ楽祭・酒宴】地底の宴,<font color='red'>地の底</font>の　宴騒がし　華やかし,,キンジ,酒宴,syuen,『地の底』『地底』,-
im9570485,【東方ニコ楽祭・酒宴】星を肴に,月の海　座りて飲みし　星<font color='red'>見酒</font>,純な心で　一人味わう,伊賀高原,酒宴,syuen,『見酒』,-
im9570485,【東方ニコ楽祭・酒宴】星を肴に,兎追イ　遠クニ在リシ　故郷ヲ,"""チュウ""二浮カベテ　界離<font color='red'>見酒</font>(カエリミノサケ)",蛮菓,酒宴,syuen,『見酒』,-
im9570485,【東方ニコ楽祭・酒宴】星を肴に,掲げた杯　純化をすれば　空<font color='red'>見酒</font>,月より滲む　乾坤の一滴,瞑想獅子,酒宴,syuen,『見酒』,-
im9570485,【東方ニコ楽祭・酒宴】星を肴に,怨敵を　追い降りし地で　郷<font color='red'>見酒</font>,,筑前煮,酒宴,syuen,『見酒』,-
im9570485,【東方ニコ楽祭・酒宴】星を肴に,星<font color='red'>見酒</font>　忌々しくぞ　思ひけれども,あかなくに　克ちを得んとす　思ひを潜めて,水炬,酒宴,syuen,『見酒』,-
im9570485,【東方ニコ楽祭・酒宴】星を肴に,神代より　一夜一代（ひとよひとよ）を　時あかし,産める日類光（ひるこ）の　世の灯増<font color='red'>見（ひふみ）酒</font>,蛮菓,酒宴,syuen,『見酒』,-
im9570485,【東方ニコ楽祭・酒宴】星を肴に,見ているか？　彼方を見つめ　星<font color='red'>見酒</font>,,ラウ,酒宴,syuen,『見酒』,-
im9570485,【東方ニコ楽祭・酒宴】星を肴に,恨み節　今宵は捨てて　星<font color='red'>見酒</font>,嫦娥（おまえ）も同じ　モノを見てるか？,キンジ,酒宴,syuen,『見酒』,-
im9570485,【東方ニコ楽祭・酒宴】星を肴に,地球（つち）<font color='red'>見酒</font>　我が身は酒に　溺れけり,紺珠の波にも　流さるるにや,とゑか,酒宴,syuen,『見酒』,-
im9578412,【東方ニコ楽祭・酒宴】宴の準備の小人族,あらエッサ　新身さら身のアラを探して　明石有明亜拉西安,脂の乗った<font color='red'>荒</font>海帰り　新巻逆巻き鉄火巻き　一丁賄う生一本,蛮菓,酒宴,syuen,『荒れ』『忙』,-
im9578412,【東方ニコ楽祭・酒宴】宴の準備の小人族,背小（せいご）とて、ハネてまわれば　オオタロウ　身小、なれど,<font color='red'>忙</font>、大なりて,蛮菓,酒宴,syuen,『荒れ』『忙』,-
im9578412,【東方ニコ楽祭・酒宴】宴の準備の小人族,具材舞い　針<font color='red'>荒れ</font>狂う　宴(えん)の裏,,伊賀高原,酒宴,syuen,『荒れ』『忙』,-
im9578412,【東方ニコ楽祭・酒宴】宴の準備の小人族,<font color='red'>忙</font>しなく　馳走す小人は　針を持ち,宴の肴を　振るわんとせす,水炬,酒宴,syuen,『荒れ』『忙』,-
im9578412,【東方ニコ楽祭・酒宴】宴の準備の小人族,<font color='red'>忙</font>しなく　少名の荒肝　針妙の技,,瞑想獅子,酒宴,syuen,『荒れ』『忙』,-
im9578412,【東方ニコ楽祭・酒宴】宴の準備の小人族,宴会の　準備で<font color='red'>荒れ</font>る　お姫様,,ラウ,酒宴,syuen,『荒れ』『忙』,-
im9578412,【東方ニコ楽祭・酒宴】宴の準備の小人族,賑やかな　宴の声を　背に聞きつ,<font color='red'>忙</font>しく振るう　伝家の輝針,キンジ,酒宴,syuen,『荒れ』『忙』,-
im9580748,夜風は優しく髪を揺らすのみ,上弦の　今か今かと　待ち侘びる,次のお八つは　巴たる月,蛮菓,酒宴,syuen,『（夜を使わない）』,-
im9580748,夜風は優しく髪を揺らすのみ,月ぞ知る　闇の隙間の　二人酒,,伊賀高原,酒宴,syuen,『（夜を使わない）』,-
im9580748,夜風は優しく髪を揺らすのみ,静寂に　とける時間と　かすむ光,酌み交わすのは　盃と想い,茶芭,酒宴,syuen,『（夜を使わない）』,-
im9580748,夜風は優しく髪を揺らすのみ,月明かり　月に叢雲　花に風,貴女の顔を　見つめてたいの,茶芭,酒宴,syuen,『（夜を使わない）』,-
im9580748,夜風は優しく髪を揺らすのみ,涼やかに　髪揺らす風　優しくて,もう少し強く　吹いてもいいのに,茶芭,酒宴,syuen,『（夜を使わない）』,-
im9580748,夜風は優しく髪を揺らすのみ,風が止み　ふたりの静寂（しじま）　なぞる闇,時も止まれと　哀に病み,はっちぼっち,酒宴,syuen,『（夜を使わない）』,-
im9580748,夜風は優しく髪を揺らすのみ,さも密会　賢者と守護者　晩夏の饗,,瞑想獅子,酒宴,syuen,『（夜を使わない）』,-
im9580748,夜風は優しく髪を揺らすのみ,声は無く　心は交わせし　月見酒,木々の風音　二人を包まん,陣龍,酒宴,syuen,『（夜を使わない）』,-
im9580748,夜風は優しく髪を揺らすのみ,射干玉の　闇にひかめく　月明り,睦言は風で　覆い隠して,水炬,酒宴,syuen,『（夜を使わない）』,-
im9580748,夜風は優しく髪を揺らすのみ,月見空　揺り髪隠す　酒の席,,ラウ,酒宴,syuen,『（夜を使わない）』,-
im9580748,夜風は優しく髪を揺らすのみ,語らいの　艶めく音は　唇に,そっと潜めて　濡らせ眦,蛮菓,酒宴,syuen,『（夜を使わない）』,-
im9580748,夜風は優しく髪を揺らすのみ,月下にて　ひっそりと飲み　語り合う,酒の肴は　御伽の話,しなびたこんにゃくん,酒宴,syuen,『（夜を使わない）』,-
im9580748,夜風は優しく髪を揺らすのみ,月明かり　静寂（しじま）の中の　二人宴,交わすは酒か　秘めし想いか,キンジ,酒宴,syuen,『（夜を使わない）』,-
im9581957,【東方ニコ楽祭・酒宴】永遠亭の宴,フルハウス　一番手柄（クローバーハート）は　誰のもの？,一葉来福　白詰挿話,蛮菓,酒宴,syuen,『酒』,-
im9581957,【東方ニコ楽祭・酒宴】永遠亭の宴,この席で　傾けたるは　<font color='red'>酒</font>味(きみ)の口,花の談後に　輿案要らず,蛮菓,酒宴,syuen,『酒』,-
im9581957,【東方ニコ楽祭・酒宴】永遠亭の宴,兎跳ね　永遠の幸乞い(とわのさちこい)　<font color='red'>酒</font>回す,,伊賀高原,酒宴,syuen,『酒』,-
im9581957,【東方ニコ楽祭・酒宴】永遠亭の宴,<font color='red'>酒</font>あおり　はるか彼方の　故事語り,,瞑想獅子,酒宴,syuen,『酒』,-
im9581957,【東方ニコ楽祭・酒宴】永遠亭の宴,暑気払い　<font color='red'>酒</font>の旨味は　万薬と,楽しき宴は　暑さ忘るる,水炬,酒宴,syuen,『酒』,-
im9581957,【東方ニコ楽祭・酒宴】永遠亭の宴,思い馳せ　見上げる月に　<font color='red'>酒</font>捧ぐ,,ラウ,酒宴,syuen,『酒』,-
im9581957,【東方ニコ楽祭・酒宴】永遠亭の宴,望つきの　うさぎとともに　飲みし<font color='red'>酒</font>,かく白玉も　遣らるるものなり,とゑか,酒宴,syuen,『酒』,-
im9581957,【東方ニコ楽祭・酒宴】永遠亭の宴,夏の晩　家族と共に　飲む<font color='red'>酒</font>は,暑さを払う　極上の涼,キンジ,酒宴,syuen,『酒』,-
im9582627,【東方ニコ楽祭・酒宴】仕事終わりの一杯,夕暮れに　明日の<font color='red'>仕事</font>へ　元気の杯,,伊賀高原,酒宴,syuen,『仕事』,仕事終え　あの子と楽しむ　酒の味
im9582627,【東方ニコ楽祭・酒宴】仕事終わりの一杯,<font color='purple'>仕事終え　あの子と楽しむ　酒の味,ただ酔いしれる　癒しの一時,伊賀高原,酒宴,syuen,『仕事』,仕事終え　あの子と楽しむ　酒の味
im9582627,【東方ニコ楽祭・酒宴】仕事終わりの一杯,ウ・イ・ス・キー　<font color='red'>仕事</font>終わりの　琥珀色,大事な人と　記念の一杯,蛮菓,酒宴,syuen,『仕事』,仕事終え　あの子と楽しむ　酒の味
im9582627,【東方ニコ楽祭・酒宴】仕事終わりの一杯,積み重ね　誰かの成した　大<font color='red'>仕事</font>,今は昔の　命の形　アンバーナイトに　化石（ともがら）を想う,蛮菓,酒宴,syuen,『仕事』,仕事終え　あの子と楽しむ　酒の味
im9582627,【東方ニコ楽祭・酒宴】仕事終わりの一杯,任を終へ　夕日を肴に　一杯と,肚に染み渡る　格別のうまさよ,水炬,酒宴,syuen,『仕事』,仕事終え　あの子と楽しむ　酒の味
im9582627,【東方ニコ楽祭・酒宴】仕事終わりの一杯,友と飲む　<font color='red'>仕事</font>終わりの　酒一献,何より勝る　甘露な味よ,キンジ,酒宴,syuen,『仕事』,仕事終え　あの子と楽しむ　酒の味
im9582627,【東方ニコ楽祭・酒宴】仕事終わりの一杯,<font color='purple'>仕事終え　あの子と楽しむ　酒の味,明日の勤めの　潤滑油なり,キンジ,酒宴,syuen,『仕事』,仕事終え　あの子と楽しむ　酒の味
im9582627,【東方ニコ楽祭・酒宴】仕事終わりの一杯,<font color='red'>仕事</font>後の　浴びる一杯　神の味,,ラウ,酒宴,syuen,『仕事』,仕事終え　あの子と楽しむ　酒の味
im9582627,【東方ニコ楽祭・酒宴】仕事終わりの一杯,子供の霊　年を取らねど　積み<font color='red'>仕事</font>,石の赤子と　鬼は労う,瞑想獅子,酒宴,syuen,『仕事』,仕事終え　あの子と楽しむ　酒の味
im9582627,【東方ニコ楽祭・酒宴】仕事終わりの一杯,夕日落ち　心も沈み　かこち酒,話を聞かむ　丑の刻まで,とゑか,酒宴,syuen,『仕事』,仕事終え　あの子と楽しむ　酒の味
im9582627,【東方ニコ楽祭・酒宴】仕事終わりの一杯,<font color='red'>仕事</font>中　こっそり飲む酒　美味しかな,,しなびたこんにゃくん,酒宴,syuen,『仕事』,仕事終え　あの子と楽しむ　酒の味
im9583295,【東方ニコ楽祭・酒宴】いつもの店でまた皆と,ああウマイ！　この一杯の　幸せを,供に分け合う　<font color='red'>友</font>と乾杯！！,蛮菓,酒宴,syuen,『友』『友人』,-
im9583295,【東方ニコ楽祭・酒宴】いつもの店でまた皆と,我が<font color='red'>友</font>よ　「アンタを肴に　大騒ぎ,泥棒猫め♪て…　喉が苦ぇぜ,蛮菓,酒宴,syuen,『友』『友人』,-
im9583295,【東方ニコ楽祭・酒宴】いつもの店でまた皆と,果てしない　宇宙(そら)より深き　腹の底,「肴は<font color='red'>友</font>釣りオトリナシ」　酔いの醒めぬは　花籠釣瓶,蛮菓,酒宴,syuen,『友』『友人』,-
im9583295,【東方ニコ楽祭・酒宴】いつもの店でまた皆と,寂しかば　病となりし　盃も,<font color='red'>友</font>とあおれば　百薬の長,伊賀高原,酒宴,syuen,『友』『友人』,-
im9583295,【東方ニコ楽祭・酒宴】いつもの店でまた皆と,懐かしき　クモの古巣で　<font color='red'>友</font>に酔う,,筑前煮,酒宴,syuen,『友』『友人』,-
im9583295,【東方ニコ楽祭・酒宴】いつもの店でまた皆と,呑み屋にて　久しき<font color='red'>友</font>と　語らへば,お酒が進む　話も進む,水炬,酒宴,syuen,『友』『友人』,-
im9583295,【東方ニコ楽祭・酒宴】いつもの店でまた皆と,<font color='red'>友</font>と逢い　駄弁る酒宴は　一番の肴,,ラウ,酒宴,syuen,『友』『友人』,-
im9583295,【東方ニコ楽祭・酒宴】いつもの店でまた皆と,<font color='red'>友</font>の弁　赤らむ頬に　滑る口,勢い任せの　恥のお披露目,瞑想獅子,酒宴,syuen,『友』『友人』,-
im9583295,【東方ニコ楽祭・酒宴】いつもの店でまた皆と,共に飲み　話灯すは　<font color='red'>友</font>の席,ともあることも　ともかく聞かむ,とゑか,酒宴,syuen,『友』『友人』,-
im9583295,【東方ニコ楽祭・酒宴】いつもの店でまた皆と,久かたの　<font color='red'>友</font>と飲む酒　語る言（げん）,何にも勝る　百薬の元,キンジ,酒宴,syuen,『友』『友人』,-
im9592816,【東方ニコ楽祭・酒宴】月の兎,<font color='red'>月</font>光り(つきびかり)　盃映し　二羽踊る,,伊賀高原,酒宴,syuen,『月』,-
im9592816,【東方ニコ楽祭・酒宴】月の兎,常夜（かくりよ）に　越し淡々と　草枕,<font color='red'>月</font>の兎（ムーンフェイズ）の　くるりやくるり　兎角（とつく）に此世は　薔薇色人生（クロックワーク）,蛮菓,酒宴,syuen,『月』,-
im9592816,【東方ニコ楽祭・酒宴】月の兎,ショー・タイム　ハーフ・ムーンに　スプリット,ソルティドッグも嫌ぇじゃねえが　今<font color='red'>月</font>今夜は幸運（おあし）を頂戴,蛮菓,酒宴,syuen,『月』,-
im9592816,【東方ニコ楽祭・酒宴】月の兎,新玉の　<font color='red'>月</font>の兎の　<font color='red'>月</font>見酒,盃に映る　水面の逆<font color='red'>月</font>,水炬,酒宴,syuen,『月』,-
im9592816,【東方ニコ楽祭・酒宴】月の兎,<font color='red'>月</font>兎　地上見ながら　酒あおる,,ラウ,酒宴,syuen,『月』,-
im9592816,【東方ニコ楽祭・酒宴】月の兎,<font color='red'>月</font>を背に　穢れたこの地で　酒を飲む,,（詠み人知らず）,酒宴,syuen,『月』,-
im9592816,【東方ニコ楽祭・酒宴】月の兎,<font color='red'>月</font>の兎(と)が　どちらが良いかと　酒比べ,雲に紛れて　這い寄るMochi,瞑想獅子,酒宴,syuen,『月』,-
im9592816,【東方ニコ楽祭・酒宴】月の兎,故郷を　映して下す　狂い酒,酔いが回らば　二兎は跳ね舞う,筑前煮,酒宴,syuen,『月』,-
im9592816,【東方ニコ楽祭・酒宴】月の兎,ふる里の　<font color='red'>月</font>を映した盃を　二人であおぐ,あおりんごかな,キンジ,酒宴,syuen,『月』,-
im9593884,【東方ニコ楽祭・酒宴】晩夏の夜の宴,地の底で　住みし者共　いざ出でよ,<font color='red'>晩夏</font>の<font color='red'>宴</font>に　隔たりなど無し,陣龍,酒宴,syuen,『晩夏』『宴』『酒』,-
im9593884,【東方ニコ楽祭・酒宴】晩夏の夜の宴,夜を照らし　地獄の花ら　乱れれば,<font color='red'>宴</font>の中に　聳ゆ(そびゆ)里山,伊賀高原,酒宴,syuen,『晩夏』『宴』『酒』,-
im9593884,【東方ニコ楽祭・酒宴】晩夏の夜の宴,"見合い<font color='red'>酒</font>　""すきなあいだ""は　どのくらい？",しゃなりとひざの　ふわりといきの　さらりとかみの　くすぐるここち,蛮菓,酒宴,syuen,『晩夏』『宴』『酒』,-
im9593884,【東方ニコ楽祭・酒宴】晩夏の夜の宴,天地人（ドン！ドコ！ショ！）縁店花火（えんてんかか）と大童　夏<font color='red'>宴</font>太鼓にバチ当てりゃソイヤ！ソイヤ！とマトイも踊る,,蛮菓,酒宴,syuen,『晩夏』『宴』『酒』,-
im9593884,【東方ニコ楽祭・酒宴】晩夏の夜の宴,気兼ねなく　語らえるのは　<font color='red'>酒</font>のパワー,二人の距離は　そっと縮まる,ラウ,酒宴,syuen,『晩夏』『宴』『酒』,-
im9593884,【東方ニコ楽祭・酒宴】晩夏の夜の宴,地獄祭　今宵の<font color='red'>宴</font>も　大騒ぎ,膝突き合わせ　緊張はほぐれ,瞑想獅子,酒宴,syuen,『晩夏』『宴』『酒』,-
im9593884,【東方ニコ楽祭・酒宴】晩夏の夜の宴,向かひ合ひ　愛しき人と　飲む<font color='red'>酒</font>は,うちながむ気色は　微睡の底まで,水炬,酒宴,syuen,『晩夏』『宴』『酒』,-
im9593884,【東方ニコ楽祭・酒宴】晩夏の夜の宴,さとやまの　隔てをなくす　<font color='red'>晩夏</font>の<font color='red'>宴</font>（ばんかのえん）,<font color='red'>酒</font>を交わせば　笑みの花咲く,キンジ,酒宴,syuen,『晩夏』『宴』『酒』,-
im9595386,【東方ニコ楽祭・酒宴】姫の燕,手弱女の　<font color='red'>水辺</font>にしづく　英は,滴る儘に　絶ゆる事無し,蛮菓,酒宴,syuen,『水辺』,-
im9595386,【東方ニコ楽祭・酒宴】姫の燕,<font color='red'>水辺</font>にて　艶尾遊ばす　セイレーン,熱も帯びたり　河畔のお囃子,蛮菓,酒宴,syuen,『水辺』,-
im9595386,【東方ニコ楽祭・酒宴】姫の燕,酒浮かべ　<font color='red'>水辺</font>に笑う　マーメイド,,伊賀高原,酒宴,syuen,『水辺』,-
im9595386,【東方ニコ楽祭・酒宴】姫の燕,くつろいで　姫があおるは　<font color='red'>水辺</font>酒,,ラウ,酒宴,syuen,『水辺』,-
im9595386,【東方ニコ楽祭・酒宴】姫の燕,人魚の燕(えん)　水の縁側　納涼祭,赤ら顔で待つ　来訪者達,瞑想獅子,酒宴,syuen,『水辺』,-
im9595386,【東方ニコ楽祭・酒宴】姫の燕,望月を　湖面に移す　<font color='red'>水辺</font>にて,友を待ちつつ　飲む月見酒,キンジ,酒宴,syuen,『水辺』,-
im9595386,【東方ニコ楽祭・酒宴】姫の燕,月の下　<font color='red'>水辺</font>の姫は　独り酒,事無し時も　また良き日かな,水炬,酒宴,syuen,『水辺』,-
im9600033,【東方ニコ楽祭・酒宴】スクリュードライバー,TOHOの　陽気な雛に　御挨拶（アンシャンテ）,フレンチ・キッスで　御目目グルグル（パライソ・トリップ）,蛮菓,酒宴,syuen,『(回転に関するもの、こと)』,-
im9600033,【東方ニコ楽祭・酒宴】スクリュードライバー,回り雛　厄の根吸いて　ご満悦,,伊賀高原,酒宴,syuen,『(回転に関するもの、こと)』,-
im9600033,【東方ニコ楽祭・酒宴】スクリュードライバー,寄り添って　うずくまったら　えんがちょー,なに、飲み足りない！？　ドラゴンスクリュー！！,蛮菓,酒宴,syuen,『(回転に関するもの、こと)』,-
im9600033,【東方ニコ楽祭・酒宴】スクリュードライバー,てっぺんを　回っているが　酒をくれ！,,ラウ,酒宴,syuen,『(回転に関するもの、こと)』,-
im9600033,【東方ニコ楽祭・酒宴】スクリュードライバー,酒に酔ひ　酔ひ回る雛は　拵へる,湛へる酒を　澄みたる酒へと,水炬,酒宴,syuen,『(回転に関するもの、こと)』,-
im9604998,中　秋　の　割　名　月　２,我が儘に　面割（おもわ）れてこそ　福笑い,ナミダも割れば　ナム・アミダブツ,蛮菓,酒宴,syuen,-,-
im9604998,中　秋　の　割　名　月　２,割々の　活躍祝う　半月に,鬱も忘るる　脳溢る酒,伊賀高原,酒宴,syuen,-,-
im9604998,中　秋　の　割　名　月　２,さしすせそ　料理（せかい）の裏に　キッコーマン,世迷は飯から　発気揚揚（はっけよいよい）,蛮菓,酒宴,syuen,-,-
im9604998,中　秋　の　割　名　月　２,ほら呑めよ　こいつぁ鬱に　効くんだよ！！,,ラウ,酒宴,syuen,-,-
im9604998,中　秋　の　割　名　月　２,並々と　割れたる頭へ　注いでは,何時しか鬼の　こまにされるぞ,水炬,酒宴,syuen,-,-
im9604998,中　秋　の　割　名　月　２,いつぞやの　恨み忘れて　今は飲め,酒飲む友は　値千金,キンジ,酒宴,syuen,-,-
im9607422,【東方ニコ楽祭・酒宴】待ち人は...,金髪に　<font color='red'>酒</font>と涙の　霖降れば,側に寄り添い　晴天を待つ,伊賀高原,酒宴,syuen,『酒』,-
im9607422,【東方ニコ楽祭・酒宴】待ち人は...,姦（さんかく）の　女（いちじ）抜ければ　ナミダ<font color='red'>酒</font>,万事休すの　着たきりスズメ,蛮菓,酒宴,syuen,『酒』,-
im9607422,【東方ニコ楽祭・酒宴】待ち人は...,不叶<font color='red'>酒</font>（ふかなさけ）　振られ脹れて　不貞腐れ,フーテン気取る　風来坊は　不束通いの　古鍋娘（ふるにょうぼう）,蛮菓,酒宴,syuen,『酒』,-
im9607422,【東方ニコ楽祭・酒宴】待ち人は...,<font color='red'>酒</font>空けて　飽くるまで呑み　待ちぼうけ,来ないおまえが　悪いんだから,ラウ,酒宴,syuen,『酒』,-
im9607422,【東方ニコ楽祭・酒宴】待ち人は...,この<font color='red'>酒</font>を　友と交わせぬ　切なさよ,盃満たす　涙<font color='red'>酒</font>かな,キンジ,酒宴,syuen,『酒』,-
im9607422,【東方ニコ楽祭・酒宴】待ち人は...,待ちぼうけ　待ち人来たらず　呷る<font color='red'>酒</font>,心を遣れと　待ち人来るまで,水炬,酒宴,syuen,『酒』,-
im9611008,【東方ニコ楽祭・酒宴】酒浸り,<font color='purple'>酒浴びて　酒に浸かりて　幾星霜,身鎮、徹すりゃ　鬼に鉄棒,蛮菓,酒宴,syuen,『酒』『酒乱』『酒浸り』,酒浴びて　酒に浸かりて　幾星霜
im9611008,【東方ニコ楽祭・酒宴】酒浸り,<font color='red'>酒</font>虫と　泳ぎて萃む　アルコール,,伊賀高原,酒宴,syuen,『酒』『酒乱』『酒浸り』,酒浴びて　酒に浸かりて　幾星霜
im9611008,【東方ニコ楽祭・酒宴】酒浸り,<font color='purple'>酒浴びて　酒に浸かりて　幾星霜,羨望の鬼　来たりて真似る,伊賀高原,酒宴,syuen,『酒』『酒乱』『酒浸り』,酒浴びて　酒に浸かりて　幾星霜
im9611008,【東方ニコ楽祭・酒宴】酒浸り,Drake（あらたま）を　Drink（さち）へと変える　Agape（おまじない）,竜のネドコの　虫のよい夢,蛮菓,酒宴,syuen,『酒』『酒乱』『酒浸り』,酒浴びて　酒に浸かりて　幾星霜
im9611008,【東方ニコ楽祭・酒宴】酒浸り,<font color='red'>酒</font>浸り　全身消毒　なーんてな,誰かここから　引き揚げてくれ……,ラウ,酒宴,syuen,『酒』『酒乱』『酒浸り』,酒浴びて　酒に浸かりて　幾星霜
im9611008,【東方ニコ楽祭・酒宴】酒浸り,<font color='purple'>酒浴びて　酒に浸かりて　幾星霜,鬼と言へども　<font color='red'>酒</font>に憑かるる,とゑか,酒宴,syuen,『酒』『酒乱』『酒浸り』,酒浴びて　酒に浸かりて　幾星霜
im9611008,【東方ニコ楽祭・酒宴】酒浸り,酔夢想　<font color='red'>酒</font>に溺れて　暮らしたい,,筑前煮,酒宴,syuen,『酒』『酒乱』『酒浸り』,酒浴びて　酒に浸かりて　幾星霜
im9611008,【東方ニコ楽祭・酒宴】酒浸り,宴終え　御伽の鬼は　<font color='red'>酒</font>の中,,筑前煮,酒宴,syuen,『酒』『酒乱』『酒浸り』,酒浴びて　酒に浸かりて　幾星霜
im9611008,【東方ニコ楽祭・酒宴】酒浸り,<font color='red'>酒</font>に酔ひ　さきの事など　知らぬわと,わが身が<font color='red'>酒</font>に　なれば酔わずと,水炬,酒宴,syuen,『酒』『酒乱』『酒浸り』,酒浴びて　酒に浸かりて　幾星霜
im9611008,【東方ニコ楽祭・酒宴】酒浸り,<font color='purple'>酒浴びて　酒に浸かりて　幾星霜,磨かれた<font color='red'>酒</font>は　甘露の如し,水炬,酒宴,syuen,『酒』『酒乱』『酒浸り』,酒浴びて　酒に浸かりて　幾星霜
im9611008,【東方ニコ楽祭・酒宴】酒浸り,<font color='red'>酒</font>浸り　鬼子漂う　<font color='red'>酒</font>の瓶,見る夢もまた　<font color='red'>酒</font>の海かな,キンジ,酒宴,syuen,『酒』『酒乱』『酒浸り』,酒浴びて　酒に浸かりて　幾星霜
im9613510,【東方ニコ楽祭・酒宴】お酒を嗜む妖夢ちゃん,黒玉の　盃映る　霊と剣,,伊賀高原,酒宴,syuen,-,-
im9613510,【東方ニコ楽祭・酒宴】お酒を嗜む妖夢ちゃん,金を履き　漣立てる　黒漆,そはやの君に　討たれし身なら　三々九度と　通え杯,蛮菓,酒宴,syuen,-,-
im9613510,【東方ニコ楽祭・酒宴】お酒を嗜む妖夢ちゃん,一休み　酒を嗜む　妖夢ちゃん,,ラウ,酒宴,syuen,-,-
im9613510,【東方ニコ楽祭・酒宴】お酒を嗜む妖夢ちゃん,ぬばたまの　盃に映ゆ　我が瞳,心のながめ　残らず斬らむ,とゑか,酒宴,syuen,-,-
im9613510,【東方ニコ楽祭・酒宴】お酒を嗜む妖夢ちゃん,我が師父の　秘蔵の酒を　密かにと,あてなるものは　肴はいらず,水炬,酒宴,syuen,-,-
im9613510,【東方ニコ楽祭・酒宴】お酒を嗜む妖夢ちゃん,昼下がり　仕事合間の　一人酒,半人前の　秘めた楽しみ,キンジ,酒宴,syuen,-,-
im9614166,【東方ニコ楽祭・酒宴】大虎の末路,<font color='red'>大虎</font>の　死地へ招くは　狐酒,死蝋徒（しろうと）はだしの　尼寺潰し,蛮菓,酒宴,syuen,『大虎』,-
im9614166,【東方ニコ楽祭・酒宴】大虎の末路,目覚ましに　鏡開きだ　<font color='red'>大虎</font>よ,,伊賀高原,酒宴,syuen,『大虎』,-
im9614166,【東方ニコ楽祭・酒宴】大虎の末路,酒抱いて　眠る<font color='red'>大虎</font>　命危機,樽と一緒に　割られる未来,ラウ,酒宴,syuen,『大虎』,-
im9614166,【東方ニコ楽祭・酒宴】大虎の末路,星さんや　<font color='red'>大虎</font>さんや　起きなさい,冥途の旅の　お時間ですよ,水炬,酒宴,syuen,『大虎』,-
im9616337,【東方ニコ楽祭・酒宴】飲んで騒いで,懐に　ただ一杯の　酒あれば,どこも誰でも　<font color='red'>宴</font>に興ず,伊賀高原,酒宴,syuen,『宴』,-
im9616337,【東方ニコ楽祭・酒宴】飲んで騒いで,おのおのの　飲みグセわかる　<font color='red'>宴</font>かな,,ラウ,酒宴,syuen,『宴』,-
im9616337,【東方ニコ楽祭・酒宴】飲んで騒いで,縁の下　集う少女の　朗らかさ,これぞ『<font color='red'>宴</font>』の　座右の銘也,蛮菓,酒宴,syuen,『宴』,-
im9616337,【東方ニコ楽祭・酒宴】飲んで騒いで,口々に　花の咲きたる　いろは<font color='red'>宴</font>,歌方さえも　軽口叩き,蛮菓,酒宴,syuen,『宴』,-
im9616337,【東方ニコ楽祭・酒宴】飲んで騒いで,おのがじし　酒飲み遊びて　語らへと,<font color='red'>宴</font>もたけなわ　縁も深まる,水炬,酒宴,syuen,『宴』,-
im9616337,【東方ニコ楽祭・酒宴】飲んで騒いで,酒飲めば　互いの素顔　現われる,<font color='red'>宴</font>の空気の　成せる魔法か,キンジ,酒宴,syuen,『宴』,-
im9616381,【東方ニコ楽祭・酒宴】定命「ニンゲン」の重み,十六夜の　傾く様も　いとをかし,"<font color='red'>酒在ればこそ</font>　""さき""あればこそ",蛮菓,酒宴,syuen,『酒在ればこそ』,-
im9616381,【東方ニコ楽祭・酒宴】定命「ニンゲン」の重み,背を越すも　消えるも早き　生なれど,<font color='red'>酒在ればこそ</font>　一時(ひととき)止まる,伊賀高原,酒宴,syuen,『酒在ればこそ』,-
im9616381,【東方ニコ楽祭・酒宴】定命「ニンゲン」の重み,瀟洒でも　<font color='red'>酒在ればこそ</font>　人と知る,,ラウ,酒宴,syuen,『酒在ればこそ』,-
im9616381,【東方ニコ楽祭・酒宴】定命「ニンゲン」の重み,もものかに　酔うて醒めぬと　千代藤の,いたみ、しみるも　<font color='red'>酒在ればこそ</font>,蛮菓,酒宴,syuen,『酒在ればこそ』,-
im9616381,【東方ニコ楽祭・酒宴】定命「ニンゲン」の重み,人の子の　小さき体　背に受けた,昔思へる　<font color='red'>酒在ればこそ</font>,黒金目鯛,酒宴,syuen,『酒在ればこそ』,-
im9616381,【東方ニコ楽祭・酒宴】定命「ニンゲン」の重み,時流れ　くるべきものとは　知りながら,我な忘れそ　<font color='red'>酒在ればこそ</font>,とゑか,酒宴,syuen,『酒在ればこそ』,-
im9616381,【東方ニコ楽祭・酒宴】定命「ニンゲン」の重み,いと全し　然る事有りと　思へども,酒あればこそ　唯者と知る,水炬,酒宴,syuen,『酒在ればこそ』,-
im9616381,【東方ニコ楽祭・酒宴】定命「ニンゲン」の重み,背中（せな）に有る　その重さすら　幸せと,感じれるのは　酒あればこそか,キンジ,酒宴,syuen,『酒在ればこそ』,-
im9623361,【東方ニコ楽祭・酒宴】騙られる怪力乱神,<font color='red'>酔っ払い</font>　身を過ちても　達者なり,かの胃袋は　鋼の如し,水炬,酒宴,syuen,『酔っ払い』,-
im9623361,【東方ニコ楽祭・酒宴】騙られる怪力乱神,あちいるは　鬼の顔した　<font color='red'>酔っ払い</font>,四つ組み合えば　弾ける体,伊賀高原,酒宴,syuen,『酔っ払い』,-
im9623361,【東方ニコ楽祭・酒宴】騙られる怪力乱神,しめやかに　爆発四散　インガオホー,酒は吞んでも　サヨナラするな,（詠み人知らず）,酒宴,syuen,『酔っ払い』,-
im9623361,【東方ニコ楽祭・酒宴】騙られる怪力乱神,劇物を　酒と誤り　<font color='red'>酔っ払い</font>,終いにゃ相撲で　仲良死こよし,しなびたこんにゃくん,酒宴,syuen,『酔っ払い』,-
im9623361,【東方ニコ楽祭・酒宴】騙られる怪力乱神,プファイファー　ニトロをキメた　<font color='red'>酔っ払い</font>,ふたつぶつかりゃ　イワンこっちゃネ　穢土の十里も　常世払いさ,蛮菓,酒宴,syuen,『酔っ払い』,-
im9623361,【東方ニコ楽祭・酒宴】騙られる怪力乱神,我を見て　馬鹿な鬼よと　吐けども置かぬ,尺子情誼の　<font color='red'>酔っ払い</font>,蛮菓,酒宴,syuen,『酔っ払い』,-
im9623361,【東方ニコ楽祭・酒宴】騙られる怪力乱神,<font color='red'>酔っ払い</font>　あらぬ不注意　グリセリン,鬼でもそれは　流石に\ﾎﾞﾝｯ/,ラウ,酒宴,syuen,『酔っ払い』,-
im9623361,【東方ニコ楽祭・酒宴】騙られる怪力乱神,爆薬の　威力もかすむ　ハイテンション,げに恐ろしは　<font color='red'>酔っ払い</font>なり,キンジ,酒宴,syuen,『酔っ払い』,-
im9624036,【東方ニコ楽祭・酒宴】女三人寄れば神様らしい,三柱が　実り<font color='red'>語らう</font>　夜屋台,,伊賀高原,酒宴,syuen,『語らい』『語らう』,-
im9624036,【東方ニコ楽祭・酒宴】女三人寄れば神様らしい,神々の　豊の明かりの　語らひは,一抹の智慧を　交わし語りて,水炬,酒宴,syuen,『語らい』『語らう』,-
im9624036,【東方ニコ楽祭・酒宴】女三人寄れば神様らしい,神寄りて　<font color='red'>語らい</font>飲むは　秋の会,,ラウ,酒宴,syuen,『語らい』『語らう』,-
im9624036,【東方ニコ楽祭・酒宴】女三人寄れば神様らしい,鄙びたる　秋の夜長の　涼み夜話,語る神部も　芳しき哉,蛮菓,酒宴,syuen,『語らい』『語らう』,-
im9624036,【東方ニコ楽祭・酒宴】女三人寄れば神様らしい,媛神や　一足先に　謝肉祭,黄金時間を　<font color='red'>語らい</font>ながら,蛮菓,酒宴,syuen,『語らい』『語らう』,-
im9624036,【東方ニコ楽祭・酒宴】女三人寄れば神様らしい,淑やかな　姫神達も　酒酌み交わし,<font color='red'>語らう</font>夜は　姦しきかな,きで,酒宴,syuen,『語らい』『語らう』,-
im9624036,【東方ニコ楽祭・酒宴】女三人寄れば神様らしい,店先で　<font color='red'>語らい</font>ながら　ふと気づく,風心地よく　秋来たりと,黒金目鯛,酒宴,syuen,『語らい』『語らう』,-
im9624036,【東方ニコ楽祭・酒宴】女三人寄れば神様らしい,夜屋台　集い<font color='red'>語らう</font>　三柱,肴と酒で　会話もはずむ,キンジ,酒宴,syuen,『語らい』『語らう』,-
im9624249,【東方ニコ楽祭・酒宴】お酒は……,楽しみは　<font color='red'>二十歳</font>まで待て　現の世,,伊賀高原,酒宴,syuen,『二十歳』,-
im9624249,【東方ニコ楽祭・酒宴】お酒は……,君はまだ　<font color='red'>二十歳</font>未満だ　今はまだ,法が許さじ　知識に留めて,水炬,酒宴,syuen,『二十歳』,-
im9624249,【東方ニコ楽祭・酒宴】お酒は……,酒の味　<font color='red'>二十歳</font>過ぎまで　待ちなさい,待つとき長けりゃ　それだけ美味し,キンジ,酒宴,syuen,『二十歳』,-
im9624249,【東方ニコ楽祭・酒宴】お酒は……,おい宇佐見！　お酒は<font color='red'>二十歳</font>　過ぎてから！！,わかっているか？？　宇佐見菫子！！！！,ラウ,酒宴,syuen,『二十歳』,-
im9624249,【東方ニコ楽祭・酒宴】お酒は……,君が世に　年を重ねて　<font color='red'>二十歳</font>,新たな友を　トトト、と貰う　<br>前にちょっくら　年齢確認,蛮菓,酒宴,syuen,『二十歳』,-
im9624249,【東方ニコ楽祭・酒宴】お酒は……,若人よ　<font color='red'>二十歳</font>過ぎれば　今ほどに,今に酔えぬと　今に解ろう,蛮菓,酒宴,syuen,『二十歳』,-
im9624249,【東方ニコ楽祭・酒宴】お酒は……,<font color='red'>二十歳</font>ならず　酒飲みしこそ　あないみじ,宇佐の八幡も　はた咎むべし,とゑか,酒宴,syuen,『二十歳』,-
im9624259,【東方ニコ楽祭・酒宴】乾杯は日が変わる前に,<font color='red'>月見</font><font color='red'>酒</font>　歴史語らう　巫女と魔女,,伊賀高原,酒宴,syuen,『月見』『酒』『乾杯』,-
im9624259,【東方ニコ楽祭・酒宴】乾杯は日が変わる前に,異変後の　楽居の一杯　<font color='red'>月見</font><font color='red'>酒</font>,まんまる月に　<font color='red'>乾杯</font>の音頭を,水炬,酒宴,syuen,『月見』『酒』『乾杯』,-
im9624259,【東方ニコ楽祭・酒宴】乾杯は日が変わる前に,<font color='red'>月見</font><font color='red'>酒</font>　盃片手に　過去がたり,ああだこうだと　話は尽きず,キンジ,酒宴,syuen,『月見』『酒』『乾杯』,-
im9624259,【東方ニコ楽祭・酒宴】乾杯は日が変わる前に,睦まじい　二人の間　月ひとつ,<font color='red'>酒</font>は入れても　水入らずかな,ラウ,酒宴,syuen,『月見』『酒』『乾杯』,-
im9624259,【東方ニコ楽祭・酒宴】乾杯は日が変わる前に,月を見て　<font color='red'>酒</font>を飲みつつ　触れ合う手,瞳の中の　貴方に「「<font color='red'>乾杯</font>」」,蛮菓,酒宴,syuen,『月見』『酒』『乾杯』,-
im9624259,【東方ニコ楽祭・酒宴】乾杯は日が変わる前に,「おダンゴは？」　「月が見てるわ、　また今度」,「お外のカヤに　カンパイとはね」,蛮菓,酒宴,syuen,『月見』『酒』『乾杯』,-
im9624259,【東方ニコ楽祭・酒宴】乾杯は日が変わる前に,月を見て　飲む<font color='red'>酒</font>の味　げに旨し,友も誘えば　無上の宴,黒金目鯛,酒宴,syuen,『月見』『酒』『乾杯』,-
im9625795,【東方ニコ楽祭・酒宴】飲み過ぎて 遅刻をかます 早苗さん【遅刻組】,<font color='purple'>飲み潰れ イラスト〆を ブッチする</font>,ソコで寝てたら　アラ？人が見てるよ,きで,酒宴,syuen,-,飲み潰れ イラスト〆を ブッチする
im9625795,【東方ニコ楽祭・酒宴】飲み過ぎて 遅刻をかます 早苗さん【遅刻組】,あどけなく　かふくいざなう　さなえさん,あまあまなどと　ゆめゆめみゆるな,蛮菓,酒宴,syuen,-,飲み潰れ イラスト〆を ブッチする
im9625795,【東方ニコ楽祭・酒宴】飲み過ぎて 遅刻をかます 早苗さん【遅刻組】,<font color='purple'>飲み潰れ　イラスト〆を　ブッチする,それでもいいや　飲んで忘れよ,水炬,酒宴,syuen,-,飲み潰れ イラスト〆を ブッチする
im9625795,【東方ニコ楽祭・酒宴】飲み過ぎて 遅刻をかます 早苗さん【遅刻組】,酔い潰れ　異変を過ぎる　緑の子,,伊賀高原,酒宴,syuen,-,飲み潰れ イラスト〆を ブッチする
im9625795,【東方ニコ楽祭・酒宴】飲み過ぎて 遅刻をかます 早苗さん【遅刻組】,<font color='purple'>飲み潰れ　イラスト〆を　ブッチする,起きて空見て　早苗なえなえ,伊賀高原　★,酒宴,syuen,-,飲み潰れ イラスト〆を ブッチする
im9625795,【東方ニコ楽祭・酒宴】飲み過ぎて 遅刻をかます 早苗さん【遅刻組】,遅刻でも　多少の誤差は　ノーカンだ,お酒を飲んで　忘れりゃよいよい,しなびたこんにゃくん,酒宴,syuen,-,飲み潰れ イラスト〆を ブッチする
im9625795,【東方ニコ楽祭・酒宴】飲み過ぎて 遅刻をかます 早苗さん【遅刻組】,<font color='purple'>飲み潰れ　イラスト〆を　ブッチする,ラストダンスは　吉兆夢（イーデンホール）で,蛮菓,酒宴,syuen,-,飲み潰れ イラスト〆を ブッチする
im9625795,【東方ニコ楽祭・酒宴】飲み過ぎて 遅刻をかます 早苗さん【遅刻組】,宴会の　空気に飲まれ　酔いつぶれ,寝る子を見るも　また宴の常,キンジ,酒宴,syuen,-,飲み潰れ イラスト〆を ブッチする
im9625795,【東方ニコ楽祭・酒宴】飲み過ぎて 遅刻をかます 早苗さん【遅刻組】,<font color='purple'>飲み潰れ　イラスト〆を　ブッチする,飲みに多少の　遅刻は愛嬌,キンジ,酒宴,syuen,-,飲み潰れ イラスト〆を ブッチする
