im8398585,月見,<font color='red'>月見上げ</font>　呷り呑む酒こぼれ落ち　手で拭いてから指先なめる,,SABA,月見,tsukimi,『月見上げ』,-
im8398585,月見,涼風に　<font color='red'>月見上げ</font>れば　青き円,,SABA,月見,tsukimi,『月見上げ』,-
im8398585,月見,<font color='red'>月見上げ</font>　鎖に伝う　宵の酒,頬に伝うは　酒か涙か,瞑想獅子,月見,tsukimi,『月見上げ』,-
im8398585,月見,<font color='red'>月見上げ</font>　今も昔も　変はらじと,今日も今日とて　飲むべかりけれ,水炬(スイコ),月見,tsukimi,『月見上げ』,-
im8398585,月見,天蓋の　頂着きし　<font color='red'>月見上げ</font>,過去の戦に　酒も尽きなむ,期待値０,月見,tsukimi,『月見上げ』,-
im8398585,月見,<font color='red'>月見上げ</font>　霽月の姿に　酒捧ぐ,晴れる心に　ふと笑み溢る,まめしぼり,月見,tsukimi,『月見上げ』,-
im8398585,月見,<font color='red'>月見上げ</font>　酒を呷れば　幻想郷,夢か現か　いざ参らん,ラウ,月見,tsukimi,『月見上げ』,-
im8398585,月見,<font color='red'>月見上げ</font>　強敵(とも)との戦　酒に映ゆ,,伊賀高原,月見,tsukimi,『月見上げ』,-
im8398585,月見,もう呑めぬ　呑めぬというが　まだ呑ます,<font color='red'>つきみあげ</font>れば　妖怪の山,あひるはり,月見,tsukimi,『月見上げ』,-
im8398585,月見,<font color='red'>月見上げ</font>小さな百鬼夜行で呑む,,虚俊,月見,tsukimi,『月見上げ』,-
im8402189,楽祭ロゴ,中秋の　月見祭れば　東方の,楽士集まり　ニコりニコられ,期待値０,月見,tsukimi,,-
im8402189,楽祭ロゴ,月見祭　同志が集い　十六夜の,月を囲みて　笑顔咲く夜,SABA,月見,tsukimi,,-
im8402189,楽祭ロゴ,月見祭り　神は祭り　佛は浄土,祭る人集い　福来る,聖・優曇華院・霊蓮,月見,tsukimi,,-
im8402189,楽祭ロゴ,中秋の　祭りのにわも　たけなわに,萃まる夢ぞ　月に響かん,期待値０,月見,tsukimi,,-
im8426930,十六夜の月,差し仰ぎ　血に染み返る　<font color='red'>十六夜の</font>,美美しく照るは　御座す主よ,水炬(スイコ),月見,tsukimi,『十六夜の』,-
im8426930,十六夜の月,<font color='red'>十六夜の</font>　赴くままに　ティーパーティー,,ラウ,月見,tsukimi,『十六夜の』,-
im8426930,十六夜の月,行く影の　月も去れども　忘られじ,紅魔に欠けし　<font color='red'>十六夜の</font>月,期待値０,月見,tsukimi,『十六夜の』,-
im8426930,十六夜の月,月照射　影の明度に　注がれて,紅茶に溶ける　<font color='red'>十六夜の</font>空,瞑想獅子,月見,tsukimi,『十六夜の』,-
im8426930,十六夜の月,おかわりも　もう３杯目です　お嬢様,次はジョッキで　お持ちしますわ,SABA,月見,tsukimi,『十六夜の』,-
im8426930,十六夜の月,紅月に　立ち込めたるは　赤き霧,今宵の夜は　<font color='red'>十六夜の</font>　長き夜へと　なりけるか,SABA,月見,tsukimi,『十六夜の』,-
im8426930,十六夜の月,十六夜に　主と仰ぎ見る　紅き空,,伊賀高原,月見,tsukimi,『十六夜の』,-
im8426930,十六夜の月,<font color='red'>十六夜の</font>　主色に染まる　夢幻の地,,伊賀高原,月見,tsukimi,『十六夜の』,-
im8426930,十六夜の月,ねえ、咲夜？　はいなんでしょう。お嬢様。　何を入れたの？,<font color='red'>十六夜の</font>愛,あひるはり,月見,tsukimi,『十六夜の』,-
im8426930,十六夜の月,<font color='red'>十六夜の</font>　紅きに染まる　この空に,お嬢へ捧ぐ　紅茶の旨味,陣龍,月見,tsukimi,『十六夜の』,-
im8426930,十六夜の月,十六夜は紅し吸血鬼の茶会,,虚俊,月見,tsukimi,『十六夜の』,-
im8429607,【東方ニコ楽祭・月見】振り返るうどんげ,すすき擦れ　夜の帳の　<font color='red'>振り返り</font>,安堵の息吐く　戦知る者,瞑想獅子,月見,tsukimi,『振り返り』,-
im8429607,【東方ニコ楽祭・月見】振り返るうどんげ,古里を　<font color='red'>振り返り</font>なむ　惟る,何時と無からば　進むやらじか,水炬(スイコ),月見,tsukimi,『振り返り』,-
im8429607,【東方ニコ楽祭・月見】振り返るうどんげ,旗薄　波の穂別けて　<font color='red'>振り返り</font>,月夜に照らす　優曇華の花,期待値０,月見,tsukimi,『振り返り』,-
im8429607,【東方ニコ楽祭・月見】振り返るうどんげ,うどんげの　設定資料　<font color='red'>振り返り</font>,尻尾はあるかと　スカート覗かん,期待値０,月見,tsukimi,『振り返り』,-
im8429607,【東方ニコ楽祭・月見】振り返るうどんげ,月明かり　照らす地上に　たたずむは,揺れる尾花と　<font color='red'>振り返る</font>君,SABA,月見,tsukimi,『振り返り』,-
im8429607,【東方ニコ楽祭・月見】振り返るうどんげ,静かなる　凪を破りし　この風を,追いて眺めん　月夜の白兎,陣龍,月見,tsukimi,『振り返り』,-
im8429607,【東方ニコ楽祭・月見】振り返るうどんげ,<font color='red'>振り返り</font>　天に背くは　月兎,耳垂れし様は　根ざす稲穂かな,筑前煮,月見,tsukimi,『振り返り』,-
im8429607,【東方ニコ楽祭・月見】振り返るうどんげ,赤眼　<font color='red'>振返</font>　満月下(レッドアイズ　リバーシブル　フルムーン),,筑前煮,月見,tsukimi,『振り返り』,-
im8429607,【東方ニコ楽祭・月見】振り返るうどんげ,一陣の　秋風纏い　<font color='red'>振り返る</font>,月夜の白兎は　夢幻の瞬き,陣龍,月見,tsukimi,『振り返り』,-
im8429607,【東方ニコ楽祭・月見】振り返るうどんげ,<font color='red'>振り返り</font>　貴女と月に　惑う僕,,伊賀高原,月見,tsukimi,『振り返り』,-
im8429607,【東方ニコ楽祭・月見】振り返るうどんげ,うそつきは　赤く歪に　溶け堕ちて,君<font color='red'>振り返り</font>　誰に微笑む,あひるはり,月見,tsukimi,『振り返り』,-
im8429607,【東方ニコ楽祭・月見】振り返るうどんげ,満月の夜　懐かしき　月の都,敵を恐るるは　善かな,聖・優曇華院・霊蓮,月見,tsukimi,『振り返り』,-
im8429607,【東方ニコ楽祭・月見】振り返るうどんげ,<font color='red'>ふりかえる</font>　女おりけり　芒凪ぐ,,虚俊,月見,tsukimi,『振り返り』,-
im8429607,【東方ニコ楽祭・月見】振り返るうどんげ,<font color='red'>振り返る</font>　君と月とを　<font color='red'>振り返ら</font>ぬ,揺れる穂芒　我の背を押す,なまいと,月見,tsukimi,『振り返り』,-
im8431183,逆月,<font color='red'>逆月</font>の　城を積み上げ　食めれども,謀反の花は　いまだに咲かず　きざしも見えず,期待値０,月見,tsukimi,『逆月』,-
im8431183,逆月,逆を搗き　総べてに逆へと　<font color='red'>逆月</font>に,天に捧ぐは　天の杯,水炬(スイコ),月見,tsukimi,『逆月』,-
im8431183,逆月,<font color='red'>逆月</font>や　遠近法で　食う写真,キレイに撮れる　iPh●neならね,ラウ,月見,tsukimi,『逆月』,-
im8431183,逆月,月団子　いと煩わし　天邪鬼,揺るる<font color='red'>逆月</font>　ひとりたうべん,ラウ,月見,tsukimi,『逆月』,-
im8431183,逆月,<font color='red'>逆月</font>を　あおってみれば　残差光,横縞続く　天の川哉,瞑想獅子,月見,tsukimi,『逆月』,-
im8431183,逆月,盃に　映る<font color='red'>逆月</font>　飲み干して,名月団子も　あわせて喰らう,SABA,月見,tsukimi,『逆月』,-
im8431183,逆月,<font color='red'>逆月</font>を　手に取り思うは　下剋上,,伊賀高原,月見,tsukimi,『逆月』,-
im8431183,逆月,<font color='red'>逆月</font>を食へば逆転劇終る,,虚俊,月見,tsukimi,『逆月』,-
im8431302,月見酒,<font color='red'>月仰ぐ</font>　企画は流行るが　その顔文字は,流行らないし　流行らせない,詠み人知らず,月見,tsukimi,『月仰ぐ』,-
im8431302,月見酒,良い友と　交わした酒と　<font color='red'>月仰ぐ</font>,宵居のいとまに　斯くも酔いなむ,期待値０,月見,tsukimi,『月仰ぐ』,-
im8431302,月見酒,流行らない　流行らせないと　こぼしつつ,注ぐ盃　<font color='red'>月仰ぐ</font>,ラウ,月見,tsukimi,『月仰ぐ』,-
im8431302,月見酒,異変後に　準い語り　<font color='red'>月仰ぐ</font>,,水炬(スイコ),月見,tsukimi,『月仰ぐ』,-
im8431302,月見酒,<font color='red'>月仰ぐ</font>　(*´ω｀*)ﾊﾔﾙ気持ちが　虚しいわ,酒(*´ω｀*)ﾊﾔﾙなら　宴会やろうぜ,瞑想獅子,月見,tsukimi,『月仰ぐ』,-
im8431302,月見酒,月見酒　友とふたりで　<font color='red'>月仰ぐ</font>,酒も進みて　あと数滴か,SABA,月見,tsukimi,『月仰ぐ』,-
im8431302,月見酒,秋の夜に　境で游ぶ　<font color='red'>月仰ぐ</font>,綺羅めく星と　宴は続く,筑前煮,月見,tsukimi,『月仰ぐ』,-
im8431302,月見酒,冷や卸し　二色の器に　注ぎ煽る,御酒を集めて　宴は続く,筑前煮,月見,tsukimi,『月仰ぐ』,-
im8431302,月見酒,うつろ世に　お前の杯(はい)と　<font color='red'>月仰ぐ</font>,,伊賀高原,月見,tsukimi,『月仰ぐ』,-
im8431302,月見酒,にほひたち　すずの音つのる　ひとしずく,<font color='red'>としつきあおぐ</font>　さいせんのおと,あひるはり,月見,tsukimi,『月仰ぐ』,-
im8431302,月見酒,<font color='red'>月仰ぐ</font>杯渇ききつてをり,,虚俊,月見,tsukimi,『月仰ぐ』,-
im8431302,月見酒,独り酒　月仰げども　あぢきなし,友居ればこそ　極上の酒,黒金目鯛,月見,tsukimi,『月仰ぐ』,-
im8431302,月見酒,<font color='red'>月仰ぐ</font>　いとま与えぬ　友の酌,苦笑いしつつ　煽る杯,キンジ,月見,tsukimi,『月仰ぐ』,-
im8434130,あなたもどうです？,<font color='red'>差し出す手</font>に　母なる御心　感ずれば,福は訪ひ　厄は去りなむ,水炬(スイコ),月見,tsukimi,『差し出す手』,-
im8434130,あなたもどうです？,照る月の　あかざるままに　<font color='red'>差し出す手</font>,自ら寄り居る　君は明るし,期待値０,月見,tsukimi,『差し出す手』,-
im8434130,あなたもどうです？,そのままで　忘れそうだと　心配し,<font color='red'>差し出す手</font>にぞ　宝塔を置く,期待値０,月見,tsukimi,『差し出す手』,-
im8434130,あなたもどうです？,ナズーリン、また宝塔を…　すみません　,この<font color='red'>差し出す手</font>に　お願いします,ラウ,月見,tsukimi,『差し出す手』,-
im8434130,あなたもどうです？,名月を　一緒に観ようと　<font color='red'>差し出す手</font>,あなたの隣　わたしの居場所,SABA,月見,tsukimi,『差し出す手』,-
im8434130,あなたもどうです？,闇夜月　天土照らす　光より,貴女へこの<font color='red'>差し出す　手</font>の中の星,陣龍,月見,tsukimi,『差し出す手』,-
im8434130,あなたもどうです？,我が心　引かれる月と　<font color='red'>差し出す手</font>,,伊賀高原,月見,tsukimi,『差し出す手』,-
im8434130,あなたもどうです？,我思う　天に浮かぶ月　これすなわち,本門の月　法華の本懐かな,聖・優曇華院・霊蓮,月見,tsukimi,『差し出す手』,-
im8434130,あなたもどうです？,遠き夜に　天へ上りし　我が子へと,<font color='red'>差し出す手</font>には　温もりも無し,陣龍,月見,tsukimi,『差し出す手』,-
im8434130,あなたもどうです？,法華経　興味本位で　聞いて見て,<font color='red'>差し出す手</font>には　教典の塔,陣龍,月見,tsukimi,『差し出す手』,-
im8434130,あなたもどうです？,満月や君のとなりは涼しかろ,,虚俊,月見,tsukimi,『差し出す手』,-
im8434130,あなたもどうです？,"<font color=""purple"">満月や君のとなりは涼しかろ</font>盆の月なら　霊が騒がし",,瞑想獅子,月見,tsukimi,『差し出す手』,-
im8434130,あなたもどうです？,雲かかる　虎柄の月　<font color='red'>差し出す手</font>,とらば心は　雲かかる無し,common-der-k,月見,tsukimi,『差し出す手』,-
im8435339,中秋の名月,敬々しく　重き思ひを　幾千年,のどやかなりて　思ひ随に,水炬(スイコ),月見,tsukimi,『幾年の』『千年の』,-
im8435339,中秋の名月,<font color='red'>千年の</font>　貢ぎ誘うは　姫の業,(返句)幾年続けば　欲の賜物,瞑想獅子,月見,tsukimi,『幾年の』『千年の』,-
im8435339,中秋の名月,<font color='red'>幾年の</font>　永き秋の夜　過ごせども,輝く月は　琳（たま）の如しと,期待値０,月見,tsukimi,『幾年の』『千年の』,-
im8435339,中秋の名月,<font color='red'>千年の</font>長き目にした　月光(つきびかり)　,幾年経とうと不変(かわらず)の月,SABA,月見,tsukimi,『幾年の』『千年の』,-
im8435339,中秋の名月,ただ一夜　永遠ならん　盈月や,あしき月影　照らすべからず,ラウ,月見,tsukimi,『幾年の』『千年の』,-
im8435339,中秋の名月,終わり無き　常世の万世　過ごし行く,陰らぬ琳瑯　照らせし月や,陣龍,月見,tsukimi,『幾年の』『千年の』,-
im8435339,中秋の名月,<font color='red'>幾年の</font>　きたるも変わらぬ　月の顔,,伊賀高原,月見,tsukimi,『幾年の』『千年の』,-
im8435339,中秋の名月,月光り　心に映うは　<font color='red'>幾年の</font>,貴女と行きし　地上の道を,伊賀高原,月見,tsukimi,『幾年の』『千年の』,-
im8435339,中秋の名月,蓬莱の　三千年に　一度咲く,浄土の　蓬莱の華,詠み人知らず,月見,tsukimi,『幾年の』『千年の』,-
im8435339,中秋の名月,永代や月がこんなにもまるい,,虚俊,月見,tsukimi,『幾年の』『千年の』,-
im8435339,中秋の名月,とこしえに　心の中に　光る月,夜翔ける月も　くすむ星屑,☆≡,月見,tsukimi,『幾年の』『千年の』,-
im8436085,月を斬りたい妖夢ちゃん【東方ニコ楽祭・月見】,遼遠の　水面に揺らぐ　真の<font color='red'>月,<font color='red'>見下げ</font>割れども　裏側見えず,期待値０,月見,tsukimi,『月見下げ』,-
im8436085,月を斬りたい妖夢ちゃん【東方ニコ楽祭・月見】,水月を　見継ぎ見立てよ　斬ってみよ,<font color='red'>月見下げ</font>て斬るも　力及ばず,水炬(スイコ),月見,tsukimi,『月見下げ』,-
im8436085,月を斬りたい妖夢ちゃん【東方ニコ楽祭・月見】,名月を　斬ってみたいと　願いては,池の水面の　<font color='red'>月見下げ</font>突く,SABA,月見,tsukimi,『月見下げ』,-
im8436085,月を斬りたい妖夢ちゃん【東方ニコ楽祭・月見】,<font color='red'>月見下げ</font>　祖父は斬りしと　逃げ場消え,浮かぶ石片　傷ぞ見立てる,瞑想獅子,月見,tsukimi,『月見下げ』,-
im8436085,月を斬りたい妖夢ちゃん【東方ニコ楽祭・月見】,水面月　揺らり揺らりと　揺れ仰ぐ,遠き祖父へと　斬り結ぶ子を,陣龍,月見,tsukimi,『月見下げ』,-
im8436085,月を斬りたい妖夢ちゃん【東方ニコ楽祭・月見】,<font color='red'>月見下げ</font>　ゆらゆら揺れる　月を斬り,想いを馳せるは　如何なる事や,陣龍,月見,tsukimi,『月見下げ』,-
im8436085,月を斬りたい妖夢ちゃん【東方ニコ楽祭・月見】,迷い絶つ　刀抱きて　<font color='red'>月見下げ</font>,砕(わ)るるさかづきに　夏明きを知る,1.00E+01,月見,tsukimi,『月見下げ』,-
im8436085,月を斬りたい妖夢ちゃん【東方ニコ楽祭・月見】,<font color='red'>月見下げ</font>　水面に思う　半月を,,伊賀高原,月見,tsukimi,『月見下げ』,-
im8436085,月を斬りたい妖夢ちゃん【東方ニコ楽祭・月見】,きりたくて　でもきれなくて　<font color='red'>つきみさげ</font>,あいうをぉんとぅ　すらっしゃむぅん（しょぽん）,あひるはり,月見,tsukimi,『月見下げ』,-
im8436085,月を斬りたい妖夢ちゃん【東方ニコ楽祭・月見】,水面の　月を　断ち切るが如く,法華の　本懐をとげる,聖・優曇華院・霊蓮,月見,tsukimi,『月見下げ』,-
im8436085,月を斬りたい妖夢ちゃん【東方ニコ楽祭・月見】,幽々子様　今日も今日とて　食べ過ぎです,<font color='red'>月見下げ</font>思う　明日のおかずを,いゆき,月見,tsukimi,『月見下げ』,-
im8436085,月を斬りたい妖夢ちゃん【東方ニコ楽祭・月見】,名月を斬ってくれろと言う主,,虚俊,月見,tsukimi,『月見下げ』,-
im8436085,月を斬りたい妖夢ちゃん【東方ニコ楽祭・月見】,池の辺に　<font color='red'>月見下げ</font>る児　いと愛し,夜継ぎを願い　飲む月見酒,黒金目鯛,月見,tsukimi,『月見下げ』,-
im8444997,【東方ニコ楽祭・月見】満月の熱き演奏会,幻想の　調べを聴かせる　相手とは,幾年変わらぬ　朋の<font color='red'>望月</font>,SABA,月見,tsukimi,『望月』『満月』,-
im8444997,【東方ニコ楽祭・月見】満月の熱き演奏会,<font color='red'>望月</font>と　共に奏でる　鎮魂歌,我思ふ人の　魂は　涅槃の地にて　ありやなしやと,SABA,月見,tsukimi,『望月』『満月』,-
im8444997,【東方ニコ楽祭・月見】満月の熱き演奏会,黄泉遠し　永久の嘆きを　<font color='red'>望月</font>に,届け響けと　独り奏づる,期待値０,月見,tsukimi,『望月』『満月』,-
im8444997,【東方ニコ楽祭・月見】満月の熱き演奏会,永遠と　不滅の狭間の　煉獄鳥,<font color='red'>望月</font>に挑む　炎の旋律,瞑想獅子,月見,tsukimi,『望月』『満月』,-
im8444997,【東方ニコ楽祭・月見】満月の熱き演奏会,人目無し　迷う竹林　夜もすがら,<font color='red'>望月</font>のもと　ひとり奏でん,ラウ,月見,tsukimi,『望月』『満月』,-
im8444997,【東方ニコ楽祭・月見】満月の熱き演奏会,<font color='red'>満月</font>に　届け奏でる　不死の演,,筑前煮,月見,tsukimi,『望月』『満月』,-
im8444997,【東方ニコ楽祭・月見】満月の熱き演奏会,<font color='red'>望月</font>に　燃えて溶けゆく　うつろの音(ね),,伊賀高原,月見,tsukimi,『望月』『満月』,-
im8444997,【東方ニコ楽祭・月見】満月の熱き演奏会,<font color='red'>満月</font>の夜が吸い込む葉加瀬太郎,,あひるはり,月見,tsukimi,『望月』『満月』,-
im8444997,【東方ニコ楽祭・月見】満月の熱き演奏会,<font color='red'>望月</font>の騒霊ライブの乱入者,,あひるはり,月見,tsukimi,『望月』『満月』,-
im8444997,【東方ニコ楽祭・月見】満月の熱き演奏会,兎死す炎の調べに　<font color='red'>満月</font>は耳を塞がずそっと微笑む対兎の最適解,,あひるはり,月見,tsukimi,『望月』『満月』,-
im8444997,【東方ニコ楽祭・月見】満月の熱き演奏会,人も無き　緑林見下ろす　<font color='red'>満月</font>も,染み入り聞き入れ　炎の旋律,陣龍,月見,tsukimi,『望月』『満月』,-
im8444997,【東方ニコ楽祭・月見】満月の熱き演奏会,<font color='red'>満月</font>の　恨み忘れる　美しさ,心乱れて　一人背を向く,いゆき,月見,tsukimi,『望月』『満月』,-
im8444997,【東方ニコ楽祭・月見】満月の熱き演奏会,ヴァイオリン聴けば<font color='red'>満月</font>は白し,,虚俊,月見,tsukimi,『望月』『満月』,-
im8444997,【東方ニコ楽祭・月見】満月の熱き演奏会,<font color='red'>望月</font>の　宵に弦引く　藤の人,月まで届け　不死の音色よ,キンジ,月見,tsukimi,『望月』『満月』,-
im8457508,【東方ニコ楽祭・月見】8月25日は川柳発祥の日ですってよ,幸(さきは)へと　月見て跳ぬる　<font color='red'>素兎</font>,,水炬,月見,tsukimi,『白兎』『素兎』,-
im8457508,【東方ニコ楽祭・月見】8月25日は川柳発祥の日ですってよ,嘘を吐き　月に跳ぬるは　<font color='red'>素兎</font>,薬搗きては　大国様よ,期待値０,月見,tsukimi,『白兎』『素兎』,-
im8457508,【東方ニコ楽祭・月見】8月25日は川柳発祥の日ですってよ,<font color='red'>白兎</font>　100匹踏んでも　だいじょーぶ！,,詠み人知らず,月見,tsukimi,『白兎』『素兎』,-
im8457508,【東方ニコ楽祭・月見】8月25日は川柳発祥の日ですってよ,国想い　夜空に跳ねる　<font color='red'>白兎</font>,,伊賀高原,月見,tsukimi,『白兎』『素兎』,-
im8457508,【東方ニコ楽祭・月見】8月25日は川柳発祥の日ですってよ,あれ欲しい　月に手伸ばす　<font color='red'>白兎</font>,,ラウ,月見,tsukimi,『白兎』『素兎』,-
im8457508,【東方ニコ楽祭・月見】8月25日は川柳発祥の日ですってよ,皮算用　月をだしにす　<font color='red'>素兎</font>,誰かの幸運　眺め夜は更け,瞑想獅子,月見,tsukimi,『白兎』『素兎』,-
im8457508,【東方ニコ楽祭・月見】8月25日は川柳発祥の日ですってよ,うどんこや　あんなんで風邪　治らんわ,もしや<font color='red'>白兎</font>（しろうと）か　藪医者か！？,詠み人知らず,月見,tsukimi,『白兎』『素兎』,-
im8457508,【東方ニコ楽祭・月見】8月25日は川柳発祥の日ですってよ,はねてゐる　まろやかな月　<font color='red'>白兎</font>,草木よ眠れ　日々を忘れて,あひるはり,月見,tsukimi,『白兎』『素兎』,-
im8457508,【東方ニコ楽祭・月見】8月25日は川柳発祥の日ですってよ,<font color='red'>白兎</font>　月見て跳ねるは　兎の定め,,SABA,月見,tsukimi,『白兎』『素兎』,-
im8457508,【東方ニコ楽祭・月見】8月25日は川柳発祥の日ですってよ,嘘を吐き　黒く纏いし　<font color='red'>白兎</font>,その身の心に　何をば抱えん,陣龍,月見,tsukimi,『白兎』『素兎』,-
im8457508,【東方ニコ楽祭・月見】8月25日は川柳発祥の日ですってよ,月に跳び月に笑うや<font color='red'>素兎</font>,,虚俊,月見,tsukimi,『白兎』『素兎』,-
im8457508,【東方ニコ楽祭・月見】8月25日は川柳発祥の日ですってよ,中秋に　喜び踊る　<font color='red'>白兎</font>,私と月も　結んでくれよ,黒金目鯛,月見,tsukimi,『白兎』『素兎』,-
im8459090,ルナティック！！ インパクトゥォオオオオオオオ！！！！！！,三界を　統べる女神に　挑みては,幾度果てども　<font color='red'>月迫る</font>悪夢,期待値０,月見,tsukimi,『月迫る』,-
im8459090,ルナティック！！ インパクトゥォオオオオオオオ！！！！！！,やめてくれ　その弾幕は　俺に効く,<font color='red'>月迫る</font>トラウマ　月の衝撃,水炬(スイコ),月見,tsukimi,『月迫る』,-
im8459090,ルナティック！！ インパクトゥォオオオオオオオ！！！！！！,いろいろと　突っ込みどころは　あるけれど,さっさと勝負だ　変Ｔヤロー！,東風谷早苗,月見,tsukimi,『月迫る』,-
im8459090,ルナティック！！ インパクトゥォオオオオオオオ！！！！！！,地獄流　最先端の　ファッションを,貶す輩は　地獄へ堕とさん,ヘカーティア・ラピスラズリ,月見,tsukimi,『月迫る』,-
im8459090,ルナティック！！ インパクトゥォオオオオオオオ！！！！！！,月の都(と)で　妖美に光る　<font color='red'>月迫る</font>,『一番月は　私だわよん』,瞑想獅子,月見,tsukimi,『月迫る』,-
im8459090,ルナティック！！ インパクトゥォオオオオオオオ！！！！！！,<font color='red'>月迫る</font>　月を避けても　<font color='red'>月迫る</font>,,筑前煮,月見,tsukimi,『月迫る』,-
im8459090,ルナティック！！ インパクトゥォオオオオオオオ！！！！！！,つくよみの　魔性の光に　捕らわれて,集いし宴に　<font color='red'>月迫り</font>くる,SABA,月見,tsukimi,『月迫る』,-
im8459090,ルナティック！！ インパクトゥォオオオオオオオ！！！！！！,アポロ抜け　地獄の雨を　凌いでも,心が折れて　<font color='red'>月迫り</font>死ぬ,ラウ,月見,tsukimi,『月迫る』,-
im8459090,ルナティック！！ インパクトゥォオオオオオオオ！！！！！！,<font color='red'>月迫る</font>　逆月斬りし　辻斬りも,笑みて飛び交う　半月の夜,伊賀高原,月見,tsukimi,『月迫る』,-
im8459090,ルナティック！！ インパクトゥォオオオオオオオ！！！！！！,もうやめて　嘆く私に　<font color='red'>月迫る</font>,,時間停止,月見,tsukimi,『月迫る』,-
im8459090,ルナティック！！ インパクトゥォオオオオオオオ！！！！！！,<font color='red'>月迫る</font>　谷間見てたら　抱え落ち,されども思う　何も悔い無し,いゆき,月見,tsukimi,『月迫る』,-
im8459090,ルナティック！！ インパクトゥォオオオオオオオ！！！！！！,弾幕で　勝負と聞いて　いたけれど,多の<font color='red'>月迫り</font>　反則じゃねぇか…,陣龍,月見,tsukimi,『月迫る』,-
im8459090,ルナティック！！ インパクトゥォオオオオオオオ！！！！！！,<font color='red'>月迫る</font>これもあなたの愛ならば,,虚俊,月見,tsukimi,『月迫る』,-
im8461014,玉兎参謀本部 鈴仙・優曇華院・イナバ大佐,<font color='red'>月を見て</font>　思い巡らす　過去の日々,今胸を張り　心研ぎ澄ます,SABA,月見,tsukimi,『月を見て』,-
im8461014,玉兎参謀本部 鈴仙・優曇華院・イナバ大佐,懐かしき　月の都　思い巡るあの時,されど今は　英霊より価値ある指揮官,聖・優曇華院・霊蓮,月見,tsukimi,『月を見て』,-
im8461014,玉兎参謀本部 鈴仙・優曇華院・イナバ大佐,過去の戦　失敗から学び　合理化図る,浸透の術　敵の陣地直接叩く,聖・優曇華院・Kay,月見,tsukimi,『月を見て』,-
im8461014,玉兎参謀本部 鈴仙・優曇華院・イナバ大佐,六韜の虎の巻　電撃の術　書かれけり,武功上げたくば　虎の巻を読むりけり,聖・優曇華院・Kay,月見,tsukimi,『月を見て』,-
im8461014,玉兎参謀本部 鈴仙・優曇華院・イナバ大佐,戦の終わりは　死者のみぞ知る　悲しいかな,それでも戦は　続く,聖・優曇華院・Kay,月見,tsukimi,『月を見て』,-
im8461014,玉兎参謀本部 鈴仙・優曇華院・イナバ大佐,<font color='red'>月を見て</font>　部下を見ざれば　狂える眼,墜ちては穢れ　過去に囚われ,期待値０,月見,tsukimi,『月を見て』,-
im8461014,玉兎参謀本部 鈴仙・優曇華院・イナバ大佐,<font color='red'>月を見て</font>　目をみあはせて　すずろぶる,月のひかりの　絶えずがごとく　こひは尽きまじ,水炬(スイコ),月見,tsukimi,『月を見て』,-
im8461014,玉兎参謀本部 鈴仙・優曇華院・イナバ大佐,変わる事　最早有り得ぬ　過去を捨て,<font color='red'>月を見て</font>寝る　明日の日々見て,陣龍,月見,tsukimi,『月を見て』,-
im8461447,没絵失敗作！,マグチェンジ　慣れれば無双　P90,,ラウ,月見,tsukimi,,-
im8461447,没絵失敗作！,照る月の　都を護るは　玉兎の務め,尽きぬ穢れを　撃ち落とさんと,期待値０,月見,tsukimi,,-
im8461447,没絵失敗作！,没ネタを　投稿したって　いいじゃない,ニコニコだもの,みつを,月見,tsukimi,,-
im8461447,没絵失敗作！,雲離れ　遠き都を　思ひ出す,遠きともがら　遠きあの日々　遠きとうそう,水炬(スイコ),月見,tsukimi,,-
im8462232,【東方ニコ楽祭・月見】秘封倶楽部の不思議な夜,稚き　をとめご方の　そら舟は,真愛し人と　落ちあふところよ,水炬(スイコ),月見,tsukimi,『落ちて行く』『少女たち』,-
im8462232,【東方ニコ楽祭・月見】秘封倶楽部の不思議な夜,星を見て　境を見れば　<font color='red'>落ちて行く</font>,月を求めた　<font color='red'>少女たち</font>　行きては帰れぬ　死の幻想へ,期待値０,月見,tsukimi,『落ちて行く』『少女たち』,-
im8462232,【東方ニコ楽祭・月見】秘封倶楽部の不思議な夜,蓮メリは　俳句や短歌じゃ　詠みきれん,詠んで欲しくば　コメント欄に　原稿用紙を　持って来い！,期待値０,月見,tsukimi,『落ちて行く』『少女たち』,-
im8462232,【東方ニコ楽祭・月見】秘封倶楽部の不思議な夜,満月の夜　幻想追い求め　<font color='red'>少女たち</font>はみる,そこは浄土　月の都,聖・優曇華院・霊蓮,月見,tsukimi,『落ちて行く』『少女たち』,-
im8462232,【東方ニコ楽祭・月見】秘封倶楽部の不思議な夜,落ちていく　月夜に二人　<font color='red'>少女たち</font>,行き着く先は　異界か恋か,ラウ,月見,tsukimi,『落ちて行く』『少女たち』,-
im8462232,【東方ニコ楽祭・月見】秘封倶楽部の不思議な夜,<font color='red'>落ちて行く</font>　夢と現の　狭間にも,月に照らせし　君の顔見ゆ,伊賀高原,月見,tsukimi,『落ちて行く』『少女たち』,-
im8462232,【東方ニコ楽祭・月見】秘封倶楽部の不思議な夜,一人では　届かぬ世界も　二人なら,届かぬものかと　二人落ち行く,いゆき,月見,tsukimi,『落ちて行く』『少女たち』,-
im8462232,【東方ニコ楽祭・月見】秘封倶楽部の不思議な夜,幻想の　先を夢見て　<font color='red'>落ちてゆく</font>,心配無いよ　貴女とならね,陣龍,月見,tsukimi,『落ちて行く』『少女たち』,-
im8462232,【東方ニコ楽祭・月見】秘封倶楽部の不思議な夜,同床の　<font color='red'>少女たち</font>2人　手をとりて,<font color='red'>落ちて行く</font>夢の　先は異ならず,SABA,月見,tsukimi,『落ちて行く』『少女たち』,-
im8462232,【東方ニコ楽祭・月見】秘封倶楽部の不思議な夜,<font color='red'>落ちて行く</font>　輝く星の　永き夢,紺の天地　蓮花咲くめり,とゑか,月見,tsukimi,『落ちて行く』『少女たち』,-
im8462232,【東方ニコ楽祭・月見】秘封倶楽部の不思議な夜,運命や月へあなたへ<font color='red'>落ちてゆく</font>,,虚俊,月見,tsukimi,『落ちて行く』『少女たち』,-
im8462521,【東方ニコ楽祭・月見】千年の満月,月宮殿　幻想郷の　空に舞う,浄土の　月の都,聖・優曇華院・霊蓮,月見,tsukimi,『月に舞う』『月想う』,-
im8462521,【東方ニコ楽祭・月見】千年の満月,永久に　愛しき君と　<font color='red'>月に舞う</font>,,伊賀高原,月見,tsukimi,『月に舞う』『月想う』,-
im8462521,【東方ニコ楽祭・月見】千年の満月,<font color='red'>月に舞う</font>　天女の顔に　見惚れれば,永遠に終わらぬ　幻想の夜,伊賀高原,月見,tsukimi,『月に舞う』『月想う』,-
im8462521,【東方ニコ楽祭・月見】千年の満月,例月祭　使者を恐れて　<font color='red'>月想う</font>,穢れを洗う　水銀の海,期待値０,月見,tsukimi,『月に舞う』『月想う』,-
im8462521,【東方ニコ楽祭・月見】千年の満月,<font color='red'>月に舞う</font>　美しをみな　見とれてや,恋人繋ぎ　ほう、なるほどね,ラウ,月見,tsukimi,『月に舞う』『月想う』,-
im8462521,【東方ニコ楽祭・月見】千年の満月,常しえに　天つをとめと　<font color='red'>月に舞う</font>,その風光は　胡蝶の舞なり,水炬(スイコ),月見,tsukimi,『月に舞う』『月想う』,-
im8462521,【東方ニコ楽祭・月見】千年の満月,悠久の　長きを共に　<font color='red'>月想う</font>,那由他の中の　刹那の永遠,SABA,月見,tsukimi,『月に舞う』『月想う』,-
im8465231,中　秋　の　割　名　月,<font color='red'>月割れて</font>　持ちネタの危機　逼く<font color='red'>易者</font>,,ラウ,月見,tsukimi,『月割れて』『易者』,-
im8465231,中　秋　の　割　名　月,友と飲み　酒の占方(うらかた)　かくなわは,<font color='red'>月割れて</font><font color='red'>易者</font>　きよきよと驚く,水炬(スイコ),月見,tsukimi,『月割れて』『易者』,-
im8465231,中　秋　の　割　名　月,結界の　外の世界の　夢を見む,秩序破れば　人妖の定め,期待値０,月見,tsukimi,『月割れて』『易者』,-
im8465231,中　秋　の　割　名　月,<font color='red'>月割れて</font>　異変だと騒がれ　博霊の,巫女が<font color='red'>易者</font>めがけて　飛んでくる,S@toll,月見,tsukimi,『月割れて』『易者』,-
im8465231,中　秋　の　割　名　月,<font color='red'>月割れて</font>　巫女に割られて　開眼す,割れぬものなど　あんまりない！,期待値０,月見,tsukimi,『月割れて』『易者』,-
im8465231,中　秋　の　割　名　月,<font color='red'>月割れて</font>　人妖からの　逃避行,<font color='red'>易者</font>を逃がせ　次の新作,いゆき,月見,tsukimi,『月割れて』『易者』,-
im8465231,中　秋　の　割　名　月,<font color='red'>月割れて</font>　異変の匂いに　巫女来る,,伊賀高原,月見,tsukimi,『月割れて』『易者』,-
im8465231,中　秋　の　割　名　月,マッポーも　お酒を飲んで　ぱんぱかぱーん！！,,あひるはり,月見,tsukimi,『月割れて』『易者』,-
im8465231,中　秋　の　割　名　月,<font color='red'>月割れて</font>　幻想郷が　大騒ぎ,謝罪のブツと　土下座を準備,陣龍,月見,tsukimi,『月割れて』『易者』,-
im8465231,中　秋　の　割　名　月,<font color='red'>月割れて</font>　我が身背筋が　凍りつく,,SABA,月見,tsukimi,『月割れて』『易者』,-
im8465231,中　秋　の　割　名　月,罪袋　<font color='red'>易者</font>に願う　切に切に,月より先に　紫様の服を割###この詠み手はスキマ送りにされました###,いゆき,月見,tsukimi,『月割れて』『易者』,-
im8465231,中　秋　の　割　名　月,<font color='red'>月割れて</font>　思い出すのは　紅白の,一撃必殺　顔面両断,キンジ,月見,tsukimi,『月割れて』『易者』,-
im8465361,re_No.55_小悪魔,<font color='red'>紅い月</font>　嗚呼<font color='red'>紅い月</font>　<font color='red'>紅い月</font>,なぜ紅いのか　ねえ<font color='red'>紅い月</font>,あひるはり,月見,tsukimi,『紅い月』,-
im8465361,re_No.55_小悪魔,鐘の音　外に飛び出し　<font color='red'>紅い月</font>,鼓動奏でる　夜風のぬくもり,あひるはり,月見,tsukimi,『紅い月』,-
im8465361,re_No.55_小悪魔,名を持たず　知識を語るは　小さき悪魔,<font color='red'>紅い月</font>知る　影なる守護者,期待値０,月見,tsukimi,『紅い月』,-
im8465361,re_No.55_小悪魔,あからひく　<font color='red'>紅い月</font>と髪に　あかかがちの目,明かぬ名前は　赤の他人か,水炬(スイコ),月見,tsukimi,『紅い月』,-
im8465361,re_No.55_小悪魔,<font color='red'>紅い月</font>　今宵は誰を　照らし出す,秘めた知の底　誰も覗けず,瞑想獅子,月見,tsukimi,『紅い月』,-
im8465361,re_No.55_小悪魔,<font color='red'>紅い月</font>　紅い悪魔の　笑う間に,夜空に舞うか　小さき悪魔,伊賀高原,月見,tsukimi,『紅い月』,-
im8465361,re_No.55_小悪魔,名も無きや　可愛き小悪魔　空を行く,<font color='red'>紅い月</font>夜と　共に在らんと,陣龍,月見,tsukimi,『紅い月』,-
im8465361,re_No.55_小悪魔,秋夜空　浮かぶ真円の　<font color='red'>紅い月</font>,今宵の集いは　楽しき宴,SABA,月見,tsukimi,『紅い月』,-
im8465361,re_No.55_小悪魔,<font color='red'>紅い月</font>　見れば一度は　真似したい,「こんなに月も　紅いのにとさ＠…と思う小悪魔であった,ラウ,月見,tsukimi,『紅い月』,-
im8465991,月まで響け、幻想郷のアンサンブル【東方ニコ楽祭・月見】,<font color='red'>月見上げ</font>　想い聴かさん　輝く夜,増える調べを　友へ響かせ,期待値０,月見,tsukimi,『月見上げ』,-
im8465991,月まで響け、幻想郷のアンサンブル【東方ニコ楽祭・月見】,<font color='red'>月見上げ</font>　夜風とともに　響かせり,其の旋律や　月にとづかん,ラウ,月見,tsukimi,『月見上げ』,-
im8465991,月まで響け、幻想郷のアンサンブル【東方ニコ楽祭・月見】,<font color='red'>月見上げ</font>　竹の音色と　姫歌う,,伊賀高原,月見,tsukimi,『月見上げ』,-
im8465991,月まで響け、幻想郷のアンサンブル【東方ニコ楽祭・月見】,竹林に鳴る　恋い焦がれる音　奏で募りて,<font color='red'>月見上げ</font>,京家つばさ,月見,tsukimi,『月見上げ』,-
im8465991,月まで響け、幻想郷のアンサンブル【東方ニコ楽祭・月見】,<font color='red'>月見上げ</font>　一節切(ひとよぎり)吹く　科人は,模糊にささめく　常を返して,水炬(スイコ),月見,tsukimi,『月見上げ』,-
im8465991,月まで響け、幻想郷のアンサンブル【東方ニコ楽祭・月見】,<font color='red'>月見上げ</font>　奏で響かす笛の音は　届け月まで,聴けと如くに,SABA,月見,tsukimi,『月見上げ』,-
im8465991,月まで響け、幻想郷のアンサンブル【東方ニコ楽祭・月見】,<font color='red'>つきみあげ</font>　おとがなるなる　なんのふぇ,,あひるはり,月見,tsukimi,『月見上げ』,-
im8465991,月まで響け、幻想郷のアンサンブル【東方ニコ楽祭・月見】,<font color='red'>月見上げ</font>　伴奏求める　笛の音に,鈴虫は鳴き　黄の笹は舞う,瞑想獅子,月見,tsukimi,『月見上げ』,-
im8466162,【東方ニコ楽祭・月見】秋夜の一時,<font color='red'>秋の夜</font>　芋名月や　<font color='red'>秋風の</font>,お月見泥棒　致し方無し,ラウ,月見,tsukimi,『秋の夜』『秋風の』,-
im8466162,【東方ニコ楽祭・月見】秋夜の一時,穣(みのり)食べ　静かに見上ぐ　<font color='red'>秋の夜</font>,,伊賀高原,月見,tsukimi,『秋の夜』『秋風の』,-
im8466162,【東方ニコ楽祭・月見】秋夜の一時,<font color='red'>秋風が</font>　撫でるススキに　秋姉妹,ただただ尊し　かの女神様,陣龍,月見,tsukimi,『秋の夜』『秋風の』,-
im8466162,【東方ニコ楽祭・月見】秋夜の一時,つゆしもの　秋の小夜ふく　<font color='red'>秋風に</font>,とよの明かり見す　瑞穂を奉る,水炬(スイコ),月見,tsukimi,『秋の夜』『秋風の』,-
im8466162,【東方ニコ楽祭・月見】秋夜の一時,<font color='red'>秋風に</font>　流るる信仰　豊穣の,神が祀るは　ハーヴェストムーン,期待値０,月見,tsukimi,『秋の夜』『秋風の』,-
im8466162,【東方ニコ楽祭・月見】秋夜の一時,<font color='red'>秋の夜</font>に　信仰集めず　在宅月見,それでいいのか　秋の神様,期待値０,月見,tsukimi,『秋の夜』『秋風の』,-
im8466162,【東方ニコ楽祭・月見】秋夜の一時,<font color='red'>秋の夜</font>　静かに澄みゆく　月明かり,ゆるやかな時間に　秋風が吹く,SABA,月見,tsukimi,『秋の夜』『秋風の』,-
im8470908,見上げた先,足先を　よかぜにひたす　<font color='red'>月団子</font>,まあるいおつき　ぱっくりと割れる,あひるはり,月見,tsukimi,『月見上げ』『月団子』『夏過ぎて』『鈴の音に』,-
im8470908,見上げた先,<font color='red'>月見上げ</font>　<font color='red'>月団子</font>頬張る　巫女一人,縁側に響く　<font color='red'>鈴の音に</font>　思いをはせては　<font color='red'>夏過ぎて</font>行く,期待値０,月見,tsukimi,『月見上げ』『月団子』『夏過ぎて』『鈴の音に』,-
im8470908,見上げた先,月夜見に　御贄(みにえ)供えし　<font color='red'>月団子</font>,みやこを思ひだす　今日このごろ,水炬(スイコ),月見,tsukimi,『月見上げ』『月団子』『夏過ぎて』『鈴の音に』,-
im8470908,見上げた先,<font color='red'>月見上げ</font>　眺め頬張る　<font color='red'>月団子</font>,<font color='red'>夏過ぎて</font>今　鈴の音涼し,SABA,月見,tsukimi,『月見上げ』『月団子』『夏過ぎて』『鈴の音に』,-
im8470908,見上げた先,宴(えん)過ぎて　鈴と味わう　<font color='red'>月団子</font>,,伊賀高原,月見,tsukimi,『月見上げ』『月団子』『夏過ぎて』『鈴の音に』,-
im8470908,見上げた先,<font color='red'>月団子</font>　友の遅刻を　いいことに,<font color='red'>月見上げ</font>つつ　mgmg食べる,ラウ,月見,tsukimi,『月見上げ』『月団子』『夏過ぎて』『鈴の音に』,-
im8470908,見上げた先,<font color='red'>月見上げ</font>　なけなし叩いた　団子喰う,霊夢さんへと　お米を奉納,陣龍,月見,tsukimi,『月見上げ』『月団子』『夏過ぎて』『鈴の音に』,-
im8470908,見上げた先,<font color='red'>夏過ぎて</font>　起きた　永夜異変,でも今は月見して　のんびり団子食べる,聖・優曇華院・Kay,月見,tsukimi,『月見上げ』『月団子』『夏過ぎて』『鈴の音に』,-
im8474368,【東方ニコ楽祭・月見】永遠亭のウサギたち,<font color='red'>月見上げ</font>　都に上訴だ　ストライク！,働かなくても　用意されてる　<font color='red'>月団子</font>,期待値０,月見,tsukimi,『月見上げ』『月団子』,-
im8474368,【東方ニコ楽祭・月見】永遠亭のウサギたち,竹の中　兎も丸まり　<font color='red'>月団子</font>,,伊賀高原,月見,tsukimi,『月見上げ』『月団子』,-
im8474368,【東方ニコ楽祭・月見】永遠亭のウサギたち,<font color='red'>月見上げ</font>　何を思ふか　白兎,そんなことより　お団子食べたい,水炬(スイコ),月見,tsukimi,『月見上げ』『月団子』,-
im8474368,【東方ニコ楽祭・月見】永遠亭のウサギたち,瓜二つ　どれ<font color='red'>月団子</font>　おぼめかし,,ラウ,月見,tsukimi,『月見上げ』『月団子』,-
im8474368,【東方ニコ楽祭・月見】永遠亭のウサギたち,兎たち　見上げるお月　実はハム,,くま,月見,tsukimi,『月見上げ』『月団子』,-
im8474368,【東方ニコ楽祭・月見】永遠亭のウサギたち,ウサギよウサギ　なに見て跳ねる　そんなことより　お団子mgmg,,SABA,月見,tsukimi,『月見上げ』『月団子』,-
im8474368,【東方ニコ楽祭・月見】永遠亭のウサギたち,人の理想　弄びし玉兎　今宵も,人の幻想抱きし　満月の夜,聖・優曇華院・Kay,月見,tsukimi,『月見上げ』『月団子』,-
im8474368,【東方ニコ楽祭・月見】永遠亭のウサギたち,ウサギ呼ぶ　早くおいでと　<font color='red'>月団子</font>,目の前の穴に　優曇華がIN,いゆき,月見,tsukimi,『月見上げ』『月団子』,-
im8474368,【東方ニコ楽祭・月見】永遠亭のウサギたち,永遠亭モブにはモブの月見かな,,虚俊,月見,tsukimi,『月見上げ』『月団子』,-
im8475419,【東方ニコ楽祭・月見】満月の熱き演奏会を彫ってみた,彫刻の　竹林照らす　<font color='red'>上り月</font>,その輝きや　いと素晴らしき,ラウ,月見,tsukimi,『降り月』『上り月』,-
im8475419,【東方ニコ楽祭・月見】満月の熱き演奏会を彫ってみた,<font color='red'>上り月</font>　熱き旋律　木に鳴れば,煙と浮きし　君の横顔,伊賀高原,月見,tsukimi,『降り月』『上り月』,-
im8475419,【東方ニコ楽祭・月見】満月の熱き演奏会を彫ってみた,<font color='red'>降り月</font>　響く音色は　幻想の,陰を写して　木版に降り,期待値０,月見,tsukimi,『降り月』『上り月』,-
im8475419,【東方ニコ楽祭・月見】満月の熱き演奏会を彫ってみた,永久の日と　月夜が流れ　ただ一人,お前に聴かそう　<font color='red'>降り月</font>へと,陣龍,月見,tsukimi,『降り月』『上り月』,-
im8475419,【東方ニコ楽祭・月見】満月の熱き演奏会を彫ってみた,<font color='red'>上り月</font>　満ちるを待たで　奏でるは,月まで届けと　熱き想いよ,SABA,月見,tsukimi,『降り月』『上り月』,-
im8475419,【東方ニコ楽祭・月見】満月の熱き演奏会を彫ってみた,煙ならで　今宵は音色　<font color='red'>上り月</font>,ふる年月も　今は降らじ,common-der-k,月見,tsukimi,『降り月』『上り月』,-
im8481415,【東方ニコ楽祭・月見】0/99,<font color='red'>月が降る</font>　星と光線　降り注ぐ,心を折るは　<font color='red'>最狂の</font>妖精,期待値０,月見,tsukimi,『月が降る』『最狂の』,-
im8481415,【東方ニコ楽祭・月見】0/99,<font color='red'>最狂の</font>　ピースと共に　宇宙(そら)が降る,,伊賀高原,月見,tsukimi,『月が降る』『最狂の』,-
im8481415,【東方ニコ楽祭・月見】0/99,星々の　光眩き空眺むれば　愛狂しくも<font color='red'>最狂の</font>,妖星(妖精)乱舞　月すらも降る,SABA,月見,tsukimi,『月が降る』『最狂の』,-
im8481415,【東方ニコ楽祭・月見】0/99,道化師の　星の欠片を　注ぐ間に,月降り注ぐ　皆のトラウマ,水炬(スイコ),月見,tsukimi,『月が降る』『最狂の』,-
im8481415,【東方ニコ楽祭・月見】0/99,<font color='red'>最狂の</font>　妖精笑う　静かの海,<font color='red'>月が降る</font>空　星は舞い散る,筑前煮,月見,tsukimi,『月が降る』『最狂の』,-
im8481415,【東方ニコ楽祭・月見】0/99,<font color='red'>最狂の</font>　弾幕ごっこ　意地になり,完全無欠　もう何時間？,ラウ,月見,tsukimi,『月が降る』『最狂の』,-
im8483275,【東方ニコ楽祭・月見】サイゲツ,杯に　砕き写した　<font color='red'>歳月の</font>,永きを想へば　<font color='red'>酔い回り</font>けり,期待値０,月見,tsukimi,『歳月の』『酔い回り』,-
im8483275,【東方ニコ楽祭・月見】サイゲツ,<font color='red'>酔い回り</font>　涙に映す　<font color='red'>歳月の</font>,今に流るは　永遠の孤独,伊賀高原,月見,tsukimi,『歳月の』『酔い回り』,-
im8483275,【東方ニコ楽祭・月見】サイゲツ,月見酒　涙一筋　砕月の,<font color='red'>酔い回り</font>つつ　想う歳月,アルカエルナ,月見,tsukimi,『歳月の』『酔い回り』,-
im8483275,【東方ニコ楽祭・月見】サイゲツ,<font color='red'>酔い回り</font>　涙一筋　杯に落ち,あわせ飲み干す　<font color='red'>歳月の</font>憂い,SABA,月見,tsukimi,『歳月の』『酔い回り』,-
im8483275,【東方ニコ楽祭・月見】サイゲツ,たまきはる　こころを砕き　歳月を,さかづきに浮かぶ　砕月を見つめて　思ひ染むるよ,水炬(スイコ),月見,tsukimi,『歳月の』『酔い回り』,-
im8483275,【東方ニコ楽祭・月見】サイゲツ,<font color='red'>酔い回り</font>　月を砕きて　知らせたり,行方も知らぬ　来し方の友,いゆき,月見,tsukimi,『歳月の』『酔い回り』,-
im8483275,【東方ニコ楽祭・月見】サイゲツ,人萃め　よさんしけるは　はぐれ鬼,つね酔い回る　宴の香り,ラウ,月見,tsukimi,『歳月の』『酔い回り』,-
im8483275,【東方ニコ楽祭・月見】サイゲツ,<font color='red'>歳月の</font>　楽しき萃め　<font color='red'>酔い回り</font>,ひび入る夢は　月の幻,瞑想獅子,月見,tsukimi,『歳月の』『酔い回り』,-
im8483275,【東方ニコ楽祭・月見】サイゲツ,杯の月　滴が砕く　月見酒,<font color='red'>酔い回り</font>なん　まだ宵の口,common-der-k,月見,tsukimi,『歳月の』『酔い回り』,-
im8493303,【東方ニコ楽祭・月見】　月より団子,今は無き　故里守りし　玉兎,隠し据ゑて　なほ守れ　片し相方　片思ひの如く,水炬(スイコ),月見,tsukimi,『ふるさと』,-
im8493303,【東方ニコ楽祭・月見】　月より団子,いまはなき　<font color='red'>ふるさと</font>まもりし　たまうさぎ,かくしすえて　なおまもれ　かたしあいかた　かたもひのごとく,水炬(スイコ),月見,tsukimi,『ふるさと』,-
im8493303,【東方ニコ楽祭・月見】　月より団子,<font color='red'>ふるさと</font>に　息災伝う　つがいの兎(う),,伊賀高原,月見,tsukimi,『ふるさと』,-
im8493303,【東方ニコ楽祭・月見】　月より団子,舞い降りた　地から眺める　<font color='red'>ふるさと</font>に,ふと語りかける「悪くはないよと,SABA,月見,tsukimi,『ふるさと』,-
im8493303,【東方ニコ楽祭・月見】　月より団子,<font color='red'>ふるさと</font>は　遠くに在りて　懐かしむ,思い出浮かぶ　同郷の相槌,瞑想獅子,月見,tsukimi,『ふるさと』,-
im8493303,【東方ニコ楽祭・月見】　月より団子,<font color='red'>ふるさと</font>を　見上げるなんて　すごいでしょ？,餅つき兎　何処にいるやら,ラウ,月見,tsukimi,『ふるさと』,-
im8493303,【東方ニコ楽祭・月見】　月より団子,天に在る　<font color='red'>ふるさと</font>眺め　何思ふ,青と黄色の　二羽の兎よ,しなびたこんにゃくん,月見,tsukimi,『ふるさと』,-
im8493303,【東方ニコ楽祭・月見】　月より団子,金色に　照りし手元の　我が故郷,食ひに食ひても　明けぬこの夜,☆≡,月見,tsukimi,『ふるさと』,-
im8493303,【東方ニコ楽祭・月見】　月より団子,<font color='red'>ふるさと</font>の　形を刺した　串団子,二人で店を　開くなら　穢れた地でも　住めば都と,期待値０,月見,tsukimi,『ふるさと』,-
im8493303,【東方ニコ楽祭・月見】　月より団子,<font color='red'>ふるさと</font>の　月を恋ほしく　思えども,この月もまた　いときよげなり,黒金目鯛,月見,tsukimi,『ふるさと』,-
im8493303,【東方ニコ楽祭・月見】　月より団子,<font color='red'>ふるさと</font>に　友と二人で　誓い立て,いつか故郷に　錦飾ると,キンジ,月見,tsukimi,『ふるさと』,-
im8494793,満月を浴びすぎたリグル【東方ニコ楽祭・月見】,<font color='red'>月を浴び</font>　永き深しと　ささめく光よ,蛍火は　おどろおどろし　かかやく光よ,水炬(スイコ),月見,tsukimi,『月を浴び』『月浴びて』,-
im8494793,満月を浴びすぎたリグル【東方ニコ楽祭・月見】,<font color='red'>月浴びて</font>　辺りを照らす　蛍姫,来鳴き響もす　月の下にて,水炬(スイコ),月見,tsukimi,『月を浴び』『月浴びて』,-
im8494793,満月を浴びすぎたリグル【東方ニコ楽祭・月見】,<font color='red'>月浴びて</font>　闇に合わさる　蛍光や,,伊賀高原,月見,tsukimi,『月を浴び』『月浴びて』,-
im8494793,満月を浴びすぎたリグル【東方ニコ楽祭・月見】,<font color='red'>月を浴び</font>　ざわめく心と　舞う蛍,点いては消えて　消えては点いて,SABA,月見,tsukimi,『月を浴び』『月浴びて』,-
im8494793,満月を浴びすぎたリグル【東方ニコ楽祭・月見】,心凪ぐ　闇夜の秋　<font color='red'>月浴びて</font>,蠢き照らす　地上の満月,筑前煮,月見,tsukimi,『月を浴び』『月浴びて』,-
im8494793,満月を浴びすぎたリグル【東方ニコ楽祭・月見】,<font color='red'>月浴びて</font>　小川を照らすは　地上の星よ,せつなの命を　光に乗せて,期待値０,月見,tsukimi,『月を浴び』『月浴びて』,-
im8494793,満月を浴びすぎたリグル【東方ニコ楽祭・月見】,<font color='red'>月を浴び</font>　狂ひ漫ろぶ　火垂る王,火照る躰を　榾(ほた)に灯して,水炬(スイコ,月見,tsukimi,『月を浴び』『月浴びて』,-
im8495237,幾月もの夢【東方ニコ楽祭・月見】,お月様の視点から『妹と見ゆ　立て籠めたる戸が　隔たるる,<font color='red'>幾月</font>を重ね　妹に会ひたり,水炬(スイコ),月見,tsukimi,『幾月』,-
im8495237,幾月もの夢【東方ニコ楽祭・月見】,外の月　思ひ続けり　歳月は,思ひ出(い)づれば　一念かはせむ,ラウ,月見,tsukimi,『幾月』,-
im8495237,幾月もの夢【東方ニコ楽祭・月見】,<font color='red'>幾月</font>も　変わらぬ空と　紅き壁,待ち詫びつるは　心の波紋,伊賀高原,月見,tsukimi,『幾月』,-
im8495237,幾月もの夢【東方ニコ楽祭・月見】,月紅し　闇に閉ぢたる　我思ふ,庶幾はくは　<font color='red'>幾月</font>も　待たぬ間に　我を放てと,みるふぃ,月見,tsukimi,『幾月』,-
im8495237,幾月もの夢【東方ニコ楽祭・月見】,窓の外　眺め過ごすは　<font color='red'>幾月</font>か,いや幾年か　そんなことよりプリンまだぁ？,SABA,月見,tsukimi,『幾月』,-
im8495237,幾月もの夢【東方ニコ楽祭・月見】,<font color='red'>幾月</font>と　経たぬ時分の　その夢を,抱き<font color='red'>幾月</font>　また<font color='red'>幾月</font>と,なまいと,月見,tsukimi,『幾月』,-
im8495237,幾月もの夢【東方ニコ楽祭・月見】,<font color='red'>幾月</font>の　禁忌と孤独を　噛みしめて,迎えを求むは　紅い月　虹の翼は　微かに揺れる,期待値０,月見,tsukimi,『幾月』,-
im8495237,幾月もの夢【東方ニコ楽祭・月見】,日が上り　月が落ち行く　<font color='red'>幾月</font>か,あくる日参りや　騒がし女子(めご)ども,陣龍,月見,tsukimi,『幾月』,-
im8495488,夢幻の悪魔,射干玉(ぬばたま)の　<font color='red'>夢幻の月</font>を　携えて,宵に焦れて　天へ飛ぶ姫よ,水炬(スイコ),月見,tsukimi,『夜い焦がれ』『宵焦がれ』『夢幻の月』,-
im8495488,夢幻の悪魔,<font color='red'>夜い焦がれ</font>　ひそかに貴方　いざないて,宵を踊るは　夢幻の悪魔,ラウ,月見,tsukimi,『夜い焦がれ』『宵焦がれ』『夢幻の月』,-
im8495488,夢幻の悪魔,<font color='red'>夜い焦がれ</font>　闇夜を割りし　人形や,くるりと向きて　我が心吸う,伊賀高原,月見,tsukimi,『夜い焦がれ』『宵焦がれ』『夢幻の月』,-
im8495488,夢幻の悪魔,<font color='red'>夜い焦がれ</font>　<font color='red'>夢幻の月</font>に　誘われ,想いを焦がすは　恋焦がれし君,SABA,月見,tsukimi,『夜い焦がれ』『宵焦がれ』『夢幻の月』,-
im8495488,夢幻の悪魔,<font color='red'>夜い焦がれ</font>　<font color='red'>夢幻の月</font>に　憧れて,空を映した　湖に　ひとり漂い　外敵を待つ,期待値０,月見,tsukimi,『夜い焦がれ』『宵焦がれ』『夢幻の月』,-
im8495733,【東方ニコ楽祭・月見】ある月夜の姉妹,<font color='red'>月浮かべ</font>　妹(いも)の笑顔と　興ずるも,白き光に　力出ぬ姉,伊賀高原,月見,tsukimi,『月浮かべ』,-
im8495733,【東方ニコ楽祭・月見】ある月夜の姉妹,<font color='red'>月浮かべ</font>　さきはふ時と　知りながら,かなわぬ恋と　思ひ已む無し,水炬(スイコ),月見,tsukimi,『月浮かべ』,-
im8495733,【東方ニコ楽祭・月見】ある月夜の姉妹,戯れに　そそいだグラスへ　<font color='red'>月浮かべ</font>,微笑む姉妹　(　ﾟ∀ﾟ)o彡°ｽｶｰﾚｯﾂ！ｽｶｰﾚｯﾂ！！,SABA,月見,tsukimi,『月浮かべ』,-
im8495733,【東方ニコ楽祭・月見】ある月夜の姉妹,<font color='red'>月浮かべ</font>　ドヤ顔浮かべ　ちょい浮かれ,これが噂の　カリスマですか？,ラウ,月見,tsukimi,『月浮かべ』,-
im8495733,【東方ニコ楽祭・月見】ある月夜の姉妹,<font color='red'>月浮かべ</font>　心に浮かぶは　幼い記憶,禁ずることなく　遊ばせた　偽ることなく　笑みを浮かべて,期待値０,月見,tsukimi,『月浮かべ』,-
im8495915,仰ぎ見る月は,人はいさ　心も知らず　<font color='red'>ふるさとに</font>,思ひを馳せて　思ひ煩ふ,水炬(スイコ),月見,tsukimi,『月見上げ』『ふるさとに』,-
im8495915,仰ぎ見る月は,<font color='red'>ふるさとに</font>　唯だ想い遣る　兎たち,,伊賀高原,月見,tsukimi,『月見上げ』『ふるさとに』,-
im8495915,仰ぎ見る月は,<font color='red'>月見上げ</font>　うさぎようさぎ　何想う,ふるさとを捨て　逃げ出した過去も　今なら笑おう,SABA,月見,tsukimi,『月見上げ』『ふるさとに』,-
im8495915,仰ぎ見る月は,空遠く　遥かに御座す　<font color='red'>月見上げ</font>,堕ちた許しを　<font color='red'>ふるさとに</font>請う,期待値０,月見,tsukimi,『月見上げ』『ふるさとに』,-
im8495915,仰ぎ見る月は,<font color='red'>月見上げ</font>　ふと<font color='red'>ふるさとに</font>　声漏らす,もう後悔は　しないだろうか？,ラウ,月見,tsukimi,『月見上げ』『ふるさとに』,-
im8495915,仰ぎ見る月は,<font color='red'>ふるさとに</font>　未練はないと語れども　月見し度に,思いはせつつ,キンジ,月見,tsukimi,『月見上げ』『ふるさとに』,-
im8495973,【東方ニコ楽祭・月見】9月9日は温泉の日,過去想い　友の湯と浴ぶ　<font color='red'>月見酒</font>,,伊賀高原,月見,tsukimi,『月見酒』,-
im8495973,【東方ニコ楽祭・月見】9月9日は温泉の日,風音と　水音のみが　響く湯に,いざ酌み交わさん　この<font color='red'>月見酒</font>,陣龍,月見,tsukimi,『月見酒』,-
im8495973,【東方ニコ楽祭・月見】9月9日は温泉の日,<font color='red'>月見酒</font>　お前を見るのが　今日の肴だ,,SABA,月見,tsukimi,『月見酒』,-
im8495973,【東方ニコ楽祭・月見】9月9日は温泉の日,湯煙に　五つの角を　隠しては,募る話も　尽き果てて　過去を語れば　<font color='red'>月見酒</font>　明日を騙れば　笑い声響く,期待値０,月見,tsukimi,『月見酒』,-
im8495973,【東方ニコ楽祭・月見】9月9日は温泉の日,カメラさん　もっと向こうに　まわりこめ！,湯気先輩は　仕事をするな！,期待値０,月見,tsukimi,『月見酒』,-
im8495973,【東方ニコ楽祭・月見】9月9日は温泉の日,仙人や　鬼と一緒に　<font color='red'>月見酒</font>？？,実はあなたも　おや、誰かが来…,ラウ,月見,tsukimi,『月見酒』,-
im8495973,【東方ニコ楽祭・月見】9月9日は温泉の日,湯に浸かり　昔馴染みと　<font color='red'>月見酒</font>,,しなびたこんにゃくん,月見,tsukimi,『月見酒』,-
im8496546,【東方ニコ楽祭・月見】拝啓　地の底より,<font color='red'>天の原</font>　富士の高嶺ゆ　高高く,天照る月の　光り合ひ　物憂げなりや<br>都知久母は　振り返りながら　月は綺麗と,水炬(スイコ),月見,tsukimi,『あの空を』『天の原』,-
im8496546,【東方ニコ楽祭・月見】拝啓　地の底より,地の底に　光の糸引く　<font color='red'>天の原</font>,,伊賀高原,月見,tsukimi,『あの空を』『天の原』,-
im8496546,【東方ニコ楽祭・月見】拝啓　地の底より,この地でも　あの空にある　月は見ゆ,振り返りし君　恋の病は永遠に,SABA,月見,tsukimi,『あの空を』『天の原』,-
im8496546,【東方ニコ楽祭・月見】拝啓　地の底より,(<font color='red'>天の原</font>　あなたと共に　駆けたいの……),「今夜は月が　綺麗だね」,ラウ,月見,tsukimi,『あの空を』『天の原』,-
im8496546,【東方ニコ楽祭・月見】拝啓　地の底より,うつしよの　影を切り取り　<font color='red'>天の原</font>,暗き寝床に　皓月ふたつ,まめしぼり,月見,tsukimi,『あの空を』『天の原』,-
im8496546,【東方ニコ楽祭・月見】拝啓　地の底より,<font color='red'>あの空を</font>　見上げる君に　囁くは,いつか手繰らん　<font color='red'>天の原</font>へと,期待値０,月見,tsukimi,『あの空を』『天の原』,-
im8496600,【東方ニコ楽祭・月見】　月見一家,久方の　月夜の縁　間近しと,八雲の道は　いと奥深し,水炬(スイコ),月見,tsukimi,『月夜縁』,-
im8496600,【東方ニコ楽祭・月見】　月見一家,八千歳も　色褪せの無き　<font color='red'>月夜縁</font>,,伊賀高原,月見,tsukimi,『月夜縁』,-
im8496600,【東方ニコ楽祭・月見】　月見一家,<font color='red'>月夜縁</font>　縁の円もひろがりて　輪になり集いて,宴も盛況,SABA,月見,tsukimi,『月夜縁』,-
im8496600,【東方ニコ楽祭・月見】　月見一家,縁側の　静かな宴の　<font color='red'>月夜縁</font>,艶と輝く　永遠に　賢者演じる　円の繋がり,期待値０,月見,tsukimi,『月夜縁』,-
im8496600,【東方ニコ楽祭・月見】　月見一家,月のもと　心が和む　<font color='red'>月夜縁</font>,一家団欒　美しきかな,ラウ,月見,tsukimi,『月夜縁』,-
im8497743,【東方ニコ楽祭・月見】神社にて,一人月　少しばかりの寂しさと　心に沁み込む,<font color='red'>秋風</font>ぞふく,SABA,月見,tsukimi,『秋風』,-
im8497743,【東方ニコ楽祭・月見】神社にて,<font color='red'>秋風</font>の　白き光に　暗き影,,伊賀高原,月見,tsukimi,『秋風』,-
im8497743,【東方ニコ楽祭・月見】神社にて,人知れず　止まり木掛けて　小夜中に,独りごちる秋　風に寂しき,水炬(スイコ),月見,tsukimi,『秋風』,-
im8497743,【東方ニコ楽祭・月見】神社にて,<font color='red'>秋風</font>に　晒すこの身の　寂しさに,求む温もり　境か星か,期待値０,月見,tsukimi,『秋風』,-
im8497743,【東方ニコ楽祭・月見】神社にて,<font color='red'>秋風</font>に　便りを乗せて　待ちぼうけ,魔理沙の奴め　また研究中？,ラウ,月見,tsukimi,『秋風』,-
im8497743,【東方ニコ楽祭・月見】神社にて,宵の月　土を離れて唯一人　何を思うかそよぐ<font color='red'>秋風</font>,,いゆき,月見,tsukimi,『秋風』,-
im8497743,【東方ニコ楽祭・月見】神社にて,一人身で　眺める月の　寂しさを,吹いて流した　宵の<font color='red'>秋風</font>,キンジ,月見,tsukimi,『秋風』,-
im8502582,【東方ニコ楽祭・月見】神社にて　その後,二人月　寄り添い伝わる温もりに　心絆される,<font color='red'>秋風</font>吹けども,SABA,月見,tsukimi,『秋風』,-
im8502582,【東方ニコ楽祭・月見】神社にて　その後,境内の　人と妖（あやかし）　境無き,火照る体を　撫でる<font color='red'>秋風</font>,期待値０,月見,tsukimi,『秋風』,-
im8502582,【東方ニコ楽祭・月見】神社にて　その後,<font color='red'>秋風</font>に　釣られ来たのは　大賢者,まぁこんな日も　悪くないわね,ラウ,月見,tsukimi,『秋風』,-
im8502582,【東方ニコ楽祭・月見】神社にて　その後,人知れず　止まり木掛けて　小夜中に,ふたりゐる秋　風に愛しき,水炬(スイコ),月見,tsukimi,『秋風』,-
im8502582,【東方ニコ楽祭・月見】神社にて　その後,<font color='red'>秋風</font>が　運び来たのは　八雲かな,雲間に見ゆる　月の美し,キンジ,月見,tsukimi,『秋風』,-
im8509508,夜桜,月明かり　舞う蝶と花　ちらちらと,秋の<font color='red'>夜桜</font>　狂い咲きけり,SABA,月見,tsukimi,『夜桜』,-
im8509508,夜桜,十五夜に　桜乱れて　蝶舞わば,季節逝き行く　霊姫の下,伊賀高原,月見,tsukimi,『夜桜』,-
im8509508,夜桜,<font color='red'>夜桜</font>の　群雲かかる　望月と,羽ばたく死蝶も　鮮やかに　生死の境も　幽かに消え行く,期待値０,月見,tsukimi,『夜桜』,-
im8509508,夜桜,月かげに　揺蕩う胡蝶の　幽身(かくりみ)は,迷い人誘ふ　秋の<font color='red'>夜桜</font>,水炬(スイコ),月見,tsukimi,『夜桜』,-
im8509508,夜桜,咲き散りし　同胞眺め　何想う,幽き<font color='red'>夜桜</font>　遠き亡月よ,筑前煮,月見,tsukimi,『夜桜』,-
im8509508,夜桜,西行の　妖(あやかし)ひとつ　咲かずとも,<font color='red'>夜桜</font>をんな　いと美しき,ラウ,月見,tsukimi,『夜桜』,-
im8514775,お月見サグメ様,<font color='red'>ドレキング</font>　なんやかんやの　悪夢(ﾅｲﾄﾒｱ),お調子サグメっちは　後で泣かす,SABA,月見,tsukimi,『ドレキング』,-
im8514775,お月見サグメ様,<font color='red'>ドレキング</font>　安らぎのなき　涙月,,伊賀高原,月見,tsukimi,『ドレキング』,-
im8514775,お月見サグメ様,<font color='red'>ドレキング</font>　むしり取られた　獏団子,悪夢と共に　月へ突撃,伊賀高原,月見,tsukimi,『ドレキング』,-
im8514775,お月見サグメ様,望月を　夢に浮かぶる　白鷺よ,舌禍を恨め　いざ<font color='red'>ドレキング</font>,Akigun,月見,tsukimi,『ドレキング』,-
im8514775,お月見サグメ様,積み団子　取り戻すべく　白鷺の,悪夢を見せよと　<font color='red'>ドレキング</font>行く,期待値０,月見,tsukimi,『ドレキング』,-
im8514775,お月見サグメ様,<font color='red'>ドレキング</font>　見たいが為に　毟とる,その代償は　悪夢日記だ,水炬(スイコ),月見,tsukimi,『ドレキング』,-
im8514775,お月見サグメ様,<font color='red'>ドレキング</font>と　月見したいと　舌禍様,白いポンポンが　めり込むことに　なると思はじ,水炬(スイコ),月見,tsukimi,『ドレキング』,-
im8514775,お月見サグメ様,ドレミーさん　どつき回すため　<font color='red'>ドレキング</font>に,プンプンと　怒るドレミーさん　かわいいですよね,水炬(スイコ),月見,tsukimi,『ドレキング』,-
im8514775,お月見サグメ様,お目当ての　ドレミー来たかと思ったら　ああ<font color='red'>ドレキング</font>,<font color='red'>ドレキング</font>来た,いゆき,月見,tsukimi,『ドレキング』,-
im8514775,お月見サグメ様,十五夜の　けはひかき消す　友の声,元に戻さむ　いざ<font color='red'>ドレキング</font>,黒金目鯛,月見,tsukimi,『ドレキング』,-
im8514775,お月見サグメ様,<font color='red'>ドレキング</font>　マジで切れちゃう　5秒前,謝るのなら　今のうちだぞ！！,ラウ,月見,tsukimi,『ドレキング』,-
im8514775,お月見サグメ様,十五夜の　月に響いた　<font color='red'>ドレキング</font>,腹筋崩壊　だがそれがいい,キンジ,月見,tsukimi,『ドレキング』,-
im8514775,お月見サグメ様,<font color='red'>ドレキング</font>　カッコいいよね　<font color='red'>ドレキング</font>,ぬいぐるみ　モフりたい,ムラサキ冴木,月見,tsukimi,『ドレキング』,-
im8514775,お月見サグメ様,顔が近い　今だドレミー・ストライク　リローデッドもだ,打て<font color='red'>ドレキング</font>,詠み人知らず,月見,tsukimi,『ドレキング』,-
im8515234,月見,<font color='red'>故郷</font>の　<font color='red'>思い出</font>涙　君見つめ,次の<font color='red'>故郷</font>は　私の隣,期待値０,月見,tsukimi,『故郷』『思い出』,-
im8515234,月見,郷愁の　涙の君に　問いかける,堕ちた兎の　<font color='red'>故郷</font>は　月と地上の　どちらかと<br>これから地上で　<font color='red'>思い出</font>作り,期待値０,月見,tsukimi,『故郷』『思い出』,-
im8515234,月見,桃敷きや　古郷思ひ　出で合へば,遠きとうそうに　涙するかな,水炬(スイコ),月見,tsukimi,『故郷』『思い出』,-
im8515234,月見,<font color='red'>思い出</font>の　月の友らに　涙やり,地上の友に　笑顔見せるか,伊賀高原,月見,tsukimi,『故郷』『思い出』,-
im8515234,月見,月を視て　<font color='red'>故郷</font>思うは　涙する,あまた<font color='red'>思い出</font>　あわれなりけり,ラウ,月見,tsukimi,『故郷』『思い出』,-
im8515234,月見,<font color='red'>故郷</font>に　思いを馳せて　今生きる,,くま,月見,tsukimi,『故郷』『思い出』,-
im8515234,月見,<font color='red'>故郷</font>は　遠きにありて　思うもの,その<font color='red'>思い出</font>は　色褪せもせず,SABA,月見,tsukimi,『故郷』『思い出』,-
im8515234,月見,ともがらが　居れど流るる　我が涙,飽くことの無い　<font color='red'>思い出</font>の旅,黒金目鯛,月見,tsukimi,『故郷』『思い出』,-
